Date,Close,QuarterlyClose,YearlyClose
2017-09-21 23:59:59,0.1696799993515014,0.21969309896230693,0.288631166897568
2017-09-22 23:59:59,0.1505029946565628,0.21969309896230693,0.288631166897568
2017-09-23 23:59:59,0.1311289966106414,0.21969309896230693,0.288631166897568
2017-09-24 23:59:59,0.1702779978513717,0.21969309896230693,0.288631166897568
2017-09-25 23:59:59,0.1821980029344558,0.21969309896230693,0.288631166897568
2017-09-26 23:59:59,0.1949580013751983,0.21969309896230693,0.288631166897568
2017-09-27 23:59:59,0.1945859938859939,0.21969309896230693,0.288631166897568
2017-09-28 23:59:59,0.2437949925661087,0.21969309896230693,0.288631166897568
2017-09-29 23:59:59,0.3084399998188019,0.21969309896230693,0.288631166897568
2017-09-30 23:59:59,0.4513640105724334,0.21969309896230693,0.288631166897568
2017-10-01 23:59:59,0.4366469979286194,0.29612443515140074,0.288631166897568
2017-10-02 23:59:59,0.3567669987678528,0.29612443515140074,0.288631166897568
2017-10-03 23:59:59,0.345535010099411,0.29612443515140074,0.288631166897568
2017-10-04 23:59:59,0.397361010313034,0.29612443515140074,0.288631166897568
2017-10-05 23:59:59,0.4065380096435547,0.29612443515140074,0.288631166897568
2017-10-06 23:59:59,0.4757649898529053,0.29612443515140074,0.288631166897568
2017-10-07 23:59:59,0.4636569917201996,0.29612443515140074,0.288631166897568
2017-10-08 23:59:59,0.3971369862556457,0.29612443515140074,0.288631166897568
2017-10-09 23:59:59,0.3805890083312988,0.29612443515140074,0.288631166897568
2017-10-10 23:59:59,0.4074690043926239,0.29612443515140074,0.288631166897568
2017-10-11 23:59:59,0.4504629969596863,0.29612443515140074,0.288631166897568
2017-10-12 23:59:59,0.4440110027790069,0.29612443515140074,0.288631166897568
2017-10-13 23:59:59,0.4346030056476593,0.29612443515140074,0.288631166897568
2017-10-14 23:59:59,0.3918600082397461,0.29612443515140074,0.288631166897568
2017-10-15 23:59:59,0.4135160148143768,0.29612443515140074,0.288631166897568
2017-10-16 23:59:59,0.4238069951534271,0.29612443515140074,0.288631166897568
2017-10-17 23:59:59,0.4008480012416839,0.29612443515140074,0.288631166897568
2017-10-18 23:59:59,0.3662289977073669,0.29612443515140074,0.288631166897568
2017-10-19 23:59:59,0.3000000119209289,0.29612443515140074,0.288631166897568
2017-10-20 23:59:59,0.2238740026950836,0.29612443515140074,0.288631166897568
2017-10-21 23:59:59,0.2526809871196747,0.29612443515140074,0.288631166897568
2017-10-22 23:59:59,0.2646949887275696,0.29612443515140074,0.288631166897568
2017-10-23 23:59:59,0.2486750036478042,0.29612443515140074,0.288631166897568
2017-10-24 23:59:59,0.2544530034065246,0.29612443515140074,0.288631166897568
2017-10-25 23:59:59,0.2544350028038025,0.29612443515140074,0.288631166897568
2017-10-26 23:59:59,0.2270410060882568,0.29612443515140074,0.288631166897568
2017-10-27 23:59:59,0.2246440052986145,0.29612443515140074,0.288631166897568
2017-10-28 23:59:59,0.2065310031175613,0.29612443515140074,0.288631166897568
2017-10-29 23:59:59,0.1988759934902191,0.29612443515140074,0.288631166897568
2017-10-30 23:59:59,0.2098489999771118,0.29612443515140074,0.288631166897568
2017-10-31 23:59:59,0.193911999464035,0.29612443515140074,0.288631166897568
2017-11-01 23:59:59,0.15761099755764,0.29612443515140074,0.288631166897568
2017-11-02 23:59:59,0.1674270033836364,0.29612443515140074,0.288631166897568
2017-11-03 23:59:59,0.1717980057001114,0.29612443515140074,0.288631166897568
2017-11-04 23:59:59,0.177603006362915,0.29612443515140074,0.288631166897568
2017-11-05 23:59:59,0.1720589995384216,0.29612443515140074,0.288631166897568
2017-11-06 23:59:59,0.1674560010433197,0.29612443515140074,0.288631166897568
2017-11-07 23:59:59,0.1775390058755874,0.29612443515140074,0.288631166897568
2017-11-08 23:59:59,0.2139090001583099,0.29612443515140074,0.288631166897568
2017-11-09 23:59:59,0.2239689975976944,0.29612443515140074,0.288631166897568
2017-11-10 23:59:59,0.1876019984483719,0.29612443515140074,0.288631166897568
2017-11-11 23:59:59,0.1797699928283691,0.29612443515140074,0.288631166897568
2017-11-12 23:59:59,0.1708980053663253,0.29612443515140074,0.288631166897568
2017-11-13 23:59:59,0.1830710023641586,0.29612443515140074,0.288631166897568
2017-11-14 23:59:59,0.1881140023469925,0.29612443515140074,0.288631166897568
2017-11-15 23:59:59,0.1861380040645599,0.29612443515140074,0.288631166897568
2017-11-16 23:59:59,0.1697610020637512,0.29612443515140074,0.288631166897568
2017-11-17 23:59:59,0.1596489995718002,0.29612443515140074,0.288631166897568
2017-11-18 23:59:59,0.1708720028400421,0.29612443515140074,0.288631166897568
2017-11-19 23:59:59,0.1623540073633194,0.29612443515140074,0.288631166897568
2017-11-20 23:59:59,0.1621830016374588,0.29612443515140074,0.288631166897568
2017-11-21 23:59:59,0.1549720019102096,0.29612443515140074,0.288631166897568
2017-11-22 23:59:59,0.168514996767044,0.29612443515140074,0.288631166897568
2017-11-23 23:59:59,0.1643839925527572,0.29612443515140074,0.288631166897568
2017-11-24 23:59:59,0.1929209977388382,0.29612443515140074,0.288631166897568
2017-11-25 23:59:59,0.1809590011835098,0.29612443515140074,0.288631166897568
2017-11-26 23:59:59,0.182888001203537,0.29612443515140074,0.288631166897568
2017-11-27 23:59:59,0.1841679960489273,0.29612443515140074,0.288631166897568
2017-11-28 23:59:59,0.1764239966869354,0.29612443515140074,0.288631166897568
2017-11-29 23:59:59,0.1452549993991851,0.29612443515140074,0.288631166897568
2017-11-30 23:59:59,0.1704609990119934,0.29612443515140074,0.288631166897568
2017-12-01 23:59:59,0.177823007106781,0.29612443515140074,0.288631166897568
2017-12-02 23:59:59,0.2078980058431625,0.29612443515140074,0.288631166897568
2017-12-03 23:59:59,0.2306289970874786,0.29612443515140074,0.288631166897568
2017-12-04 23:59:59,0.2295809984207153,0.29612443515140074,0.288631166897568
2017-12-05 23:59:59,0.3138769865036011,0.29612443515140074,0.288631166897568
2017-12-06 23:59:59,0.2915700078010559,0.29612443515140074,0.288631166897568
2017-12-07 23:59:59,0.2600640058517456,0.29612443515140074,0.288631166897568
2017-12-08 23:59:59,0.2452259957790374,0.29612443515140074,0.288631166897568
2017-12-09 23:59:59,0.2388589978218078,0.29612443515140074,0.288631166897568
2017-12-10 23:59:59,0.2528980076313019,0.29612443515140074,0.288631166897568
2017-12-11 23:59:59,0.2605920135974884,0.29612443515140074,0.288631166897568
2017-12-12 23:59:59,0.2314240038394928,0.29612443515140074,0.288631166897568
2017-12-13 23:59:59,0.2618780136108398,0.29612443515140074,0.288631166897568
2017-12-14 23:59:59,0.3085030019283294,0.29612443515140074,0.288631166897568
2017-12-15 23:59:59,0.3207930028438568,0.29612443515140074,0.288631166897568
2017-12-16 23:59:59,0.3413929939270019,0.29612443515140074,0.288631166897568
2017-12-17 23:59:59,0.4175960123538971,0.29612443515140074,0.288631166897568
2017-12-18 23:59:59,0.4349069893360138,0.29612443515140074,0.288631166897568
2017-12-19 23:59:59,0.4393559992313385,0.29612443515140074,0.288631166897568
2017-12-20 23:59:59,0.3727959990501404,0.29612443515140074,0.288631166897568
2017-12-21 23:59:59,0.4242869913578033,0.29612443515140074,0.288631166897568
2017-12-22 23:59:59,0.4268780052661896,0.29612443515140074,0.288631166897568
2017-12-23 23:59:59,0.5776799917221069,0.29612443515140074,0.288631166897568
2017-12-24 23:59:59,0.5441619753837585,0.29612443515140074,0.288631166897568
2017-12-25 23:59:59,0.5019329786300659,0.29612443515140074,0.288631166897568
2017-12-26 23:59:59,0.5214210152626038,0.29612443515140074,0.288631166897568
2017-12-27 23:59:59,0.5055009722709656,0.29612443515140074,0.288631166897568
2017-12-28 23:59:59,0.5066969990730286,0.29612443515140074,0.288631166897568
2017-12-29 23:59:59,0.4863480031490326,0.29612443515140074,0.288631166897568
2017-12-30 23:59:59,0.5861279964447021,0.29612443515140074,0.288631166897568
2017-12-31 23:59:59,0.6015520095825195,0.29612443515140074,0.288631166897568
2018-01-01 23:59:59,0.7335630059242249,0.6388454139232635,0.4095995590625747
2018-01-02 23:59:59,0.6737120151519775,0.6388454139232635,0.4095995590625747
2018-01-03 23:59:59,0.6811670064926147,0.6388454139232635,0.4095995590625747
2018-01-04 23:59:59,0.9843680262565612,0.6388454139232635,0.4095995590625747
2018-01-05 23:59:59,0.9074860215187072,0.6388454139232635,0.4095995590625747
2018-01-06 23:59:59,1.0635700225830078,0.6388454139232635,0.4095995590625747
2018-01-07 23:59:59,1.27046000957489,0.6388454139232635,0.4095995590625747
2018-01-08 23:59:59,1.3773000240325928,0.6388454139232635,0.4095995590625747
2018-01-09 23:59:59,1.228279948234558,0.6388454139232635,0.4095995590625747
2018-01-10 23:59:59,1.1887099742889404,0.6388454139232635,0.4095995590625747
2018-01-11 23:59:59,1.0103299617767334,0.6388454139232635,0.4095995590625747
2018-01-12 23:59:59,1.0515600442886353,0.6388454139232635,0.4095995590625747
2018-01-13 23:59:59,1.1012300252914429,0.6388454139232635,0.4095995590625747
2018-01-14 23:59:59,1.0108400583267212,0.6388454139232635,0.4095995590625747
2018-01-15 23:59:59,0.8776879906654358,0.6388454139232635,0.4095995590625747
2018-01-16 23:59:59,0.7564529776573181,0.6388454139232635,0.4095995590625747
2018-01-17 23:59:59,0.6986340284347534,0.6388454139232635,0.4095995590625747
2018-01-18 23:59:59,0.7442299723625183,0.6388454139232635,0.4095995590625747
2018-01-19 23:59:59,0.8129050135612488,0.6388454139232635,0.4095995590625747
2018-01-20 23:59:59,1.2193000316619873,0.6388454139232635,0.4095995590625747
2018-01-21 23:59:59,0.88782799243927,0.6388454139232635,0.4095995590625747
2018-01-22 23:59:59,0.8028579950332642,0.6388454139232635,0.4095995590625747
2018-01-23 23:59:59,0.8019170165061951,0.6388454139232635,0.4095995590625747
2018-01-24 23:59:59,0.7928630113601685,0.6388454139232635,0.4095995590625747
2018-01-25 23:59:59,0.76043701171875,0.6388454139232635,0.4095995590625747
2018-01-26 23:59:59,0.7098529934883118,0.6388454139232635,0.4095995590625747
2018-01-27 23:59:59,0.7806749939918518,0.6388454139232635,0.4095995590625747
2018-01-28 23:59:59,0.7606009840965271,0.6388454139232635,0.4095995590625747
2018-01-29 23:59:59,0.6977120041847229,0.6388454139232635,0.4095995590625747
2018-01-30 23:59:59,0.5967779755592346,0.6388454139232635,0.4095995590625747
2018-01-31 23:59:59,0.6201459765434265,0.6388454139232635,0.4095995590625747
2018-02-01 23:59:59,0.520346999168396,0.6388454139232635,0.4095995590625747
2018-02-02 23:59:59,0.4945740103721618,0.6388454139232635,0.4095995590625747
2018-02-03 23:59:59,0.5185580253601074,0.6388454139232635,0.4095995590625747
2018-02-04 23:59:59,0.4343709945678711,0.6388454139232635,0.4095995590625747
2018-02-05 23:59:59,0.3415060043334961,0.6388454139232635,0.4095995590625747
2018-02-06 23:59:59,0.4252479970455169,0.6388454139232635,0.4095995590625747
2018-02-07 23:59:59,0.3767710030078888,0.6388454139232635,0.4095995590625747
2018-02-08 23:59:59,0.411080002784729,0.6388454139232635,0.4095995590625747
2018-02-09 23:59:59,0.4351939857006073,0.6388454139232635,0.4095995590625747
2018-02-10 23:59:59,0.4198740124702453,0.6388454139232635,0.4095995590625747
2018-02-11 23:59:59,0.4161570072174072,0.6388454139232635,0.4095995590625747
2018-02-12 23:59:59,0.4902819991111755,0.6388454139232635,0.4095995590625747
2018-02-13 23:59:59,0.5707589983940125,0.6388454139232635,0.4095995590625747
2018-02-14 23:59:59,0.5682529807090759,0.6388454139232635,0.4095995590625747
2018-02-15 23:59:59,0.5652509927749634,0.6388454139232635,0.4095995590625747
2018-02-16 23:59:59,0.639627993106842,0.6388454139232635,0.4095995590625747
2018-02-17 23:59:59,0.6724870204925537,0.6388454139232635,0.4095995590625747
2018-02-18 23:59:59,0.7617610096931458,0.6388454139232635,0.4095995590625747
2018-02-19 23:59:59,0.7743620276451111,0.6388454139232635,0.4095995590625747
2018-02-20 23:59:59,0.6999260187149048,0.6388454139232635,0.4095995590625747
2018-02-21 23:59:59,0.653668999671936,0.6388454139232635,0.4095995590625747
2018-02-22 23:59:59,0.6019229888916016,0.6388454139232635,0.4095995590625747
2018-02-23 23:59:59,0.6747909784317017,0.6388454139232635,0.4095995590625747
2018-02-24 23:59:59,0.6509580016136169,0.6388454139232635,0.4095995590625747
2018-02-25 23:59:59,0.6757150292396545,0.6388454139232635,0.4095995590625747
2018-02-26 23:59:59,0.6914460062980652,0.6388454139232635,0.4095995590625747
2018-02-27 23:59:59,0.7239570021629333,0.6388454139232635,0.4095995590625747
2018-02-28 23:59:59,0.6614469885826111,0.6388454139232635,0.4095995590625747
2018-03-01 23:59:59,0.6630650162696838,0.6388454139232635,0.4095995590625747
2018-03-02 23:59:59,0.6527420282363892,0.6388454139232635,0.4095995590625747
2018-03-03 23:59:59,0.6287059783935547,0.6388454139232635,0.4095995590625747
2018-03-04 23:59:59,0.592818021774292,0.6388454139232635,0.4095995590625747
2018-03-05 23:59:59,0.5867379903793335,0.6388454139232635,0.4095995590625747
2018-03-06 23:59:59,0.5338699817657471,0.6388454139232635,0.4095995590625747
2018-03-07 23:59:59,0.5211480259895325,0.6388454139232635,0.4095995590625747
2018-03-08 23:59:59,0.4864220023155212,0.6388454139232635,0.4095995590625747
2018-03-09 23:59:59,0.480877012014389,0.6388454139232635,0.4095995590625747
2018-03-10 23:59:59,0.4677099883556366,0.6388454139232635,0.4095995590625747
2018-03-11 23:59:59,0.5135239958763123,0.6388454139232635,0.4095995590625747
2018-03-12 23:59:59,0.5101979970932007,0.6388454139232635,0.4095995590625747
2018-03-13 23:59:59,0.5638409852981567,0.6388454139232635,0.4095995590625747
2018-03-14 23:59:59,0.4436089992523193,0.6388454139232635,0.4095995590625747
2018-03-15 23:59:59,0.4197370111942291,0.6388454139232635,0.4095995590625747
2018-03-16 23:59:59,0.4244199991226196,0.6388454139232635,0.4095995590625747
2018-03-17 23:59:59,0.373861014842987,0.6388454139232635,0.4095995590625747
2018-03-18 23:59:59,0.3733380138874054,0.6388454139232635,0.4095995590625747
2018-03-19 23:59:59,0.3816440105438232,0.6388454139232635,0.4095995590625747
2018-03-20 23:59:59,0.3917129933834076,0.6388454139232635,0.4095995590625747
2018-03-21 23:59:59,0.4454210102558136,0.6388454139232635,0.4095995590625747
2018-03-22 23:59:59,0.419292002916336,0.6388454139232635,0.4095995590625747
2018-03-23 23:59:59,0.4091399908065796,0.6388454139232635,0.4095995590625747
2018-03-24 23:59:59,0.4190849959850311,0.6388454139232635,0.4095995590625747
2018-03-25 23:59:59,0.4061050117015838,0.6388454139232635,0.4095995590625747
2018-03-26 23:59:59,0.3714959919452667,0.6388454139232635,0.4095995590625747
2018-03-27 23:59:59,0.3426249921321869,0.6388454139232635,0.4095995590625747
2018-03-28 23:59:59,0.3513669967651367,0.6388454139232635,0.4095995590625747
2018-03-29 23:59:59,0.2801609933376312,0.6388454139232635,0.4095995590625747
2018-03-30 23:59:59,0.2874940037727356,0.6388454139232635,0.4095995590625747
2018-03-31 23:59:59,0.2801710069179535,0.6388454139232635,0.4095995590625747
2018-04-01 23:59:59,0.2615799903869629,0.3702435917579211,0.4095995590625747
2018-04-02 23:59:59,0.2736839950084686,0.3702435917579211,0.4095995590625747
2018-04-03 23:59:59,0.2954730093479156,0.3702435917579211,0.4095995590625747
2018-04-04 23:59:59,0.2901610136032104,0.3702435917579211,0.4095995590625747
2018-04-05 23:59:59,0.2869249880313873,0.3702435917579211,0.4095995590625747
2018-04-06 23:59:59,0.2750619947910309,0.3702435917579211,0.4095995590625747
2018-04-07 23:59:59,0.3041239976882934,0.3702435917579211,0.4095995590625747
2018-04-08 23:59:59,0.3270939886569977,0.3702435917579211,0.4095995590625747
2018-04-09 23:59:59,0.3115279972553253,0.3702435917579211,0.4095995590625747
2018-04-10 23:59:59,0.3558360040187835,0.3702435917579211,0.4095995590625747
2018-04-11 23:59:59,0.3592869937419891,0.3702435917579211,0.4095995590625747
2018-04-12 23:59:59,0.3868109881877899,0.3702435917579211,0.4095995590625747
2018-04-13 23:59:59,0.3815430104732513,0.3702435917579211,0.4095995590625747
2018-04-14 23:59:59,0.394006997346878,0.3702435917579211,0.4095995590625747
2018-04-15 23:59:59,0.4239459931850433,0.3702435917579211,0.4095995590625747
2018-04-16 23:59:59,0.4095380008220672,0.3702435917579211,0.4095995590625747
2018-04-17 23:59:59,0.4167940020561218,0.3702435917579211,0.4095995590625747
2018-04-18 23:59:59,0.446289986371994,0.3702435917579211,0.4095995590625747
2018-04-19 23:59:59,0.4827950000762939,0.3702435917579211,0.4095995590625747
2018-04-20 23:59:59,0.4814159870147705,0.3702435917579211,0.4095995590625747
2018-04-21 23:59:59,0.4913490116596222,0.3702435917579211,0.4095995590625747
2018-04-22 23:59:59,0.4993110001087188,0.3702435917579211,0.4095995590625747
2018-04-23 23:59:59,0.4923849999904632,0.3702435917579211,0.4095995590625747
2018-04-24 23:59:59,0.5368239879608154,0.3702435917579211,0.4095995590625747
2018-04-25 23:59:59,0.4343670010566711,0.3702435917579211,0.4095995590625747
2018-04-26 23:59:59,0.4901480078697204,0.3702435917579211,0.4095995590625747
2018-04-27 23:59:59,0.452004998922348,0.3702435917579211,0.4095995590625747
2018-04-28 23:59:59,0.4844760000705719,0.3702435917579211,0.4095995590625747
2018-04-29 23:59:59,0.5157139897346497,0.3702435917579211,0.4095995590625747
2018-04-30 23:59:59,0.5446910262107849,0.3702435917579211,0.4095995590625747
2018-05-01 23:59:59,0.550400972366333,0.3702435917579211,0.4095995590625747
2018-05-02 23:59:59,0.5647010207176208,0.3702435917579211,0.4095995590625747
2018-05-03 23:59:59,0.5676689743995667,0.3702435917579211,0.4095995590625747
2018-05-04 23:59:59,0.5825830101966858,0.3702435917579211,0.4095995590625747
2018-05-05 23:59:59,0.5715349912643433,0.3702435917579211,0.4095995590625747
2018-05-06 23:59:59,0.5383989810943604,0.3702435917579211,0.4095995590625747
2018-05-07 23:59:59,0.5730180144309998,0.3702435917579211,0.4095995590625747
2018-05-08 23:59:59,0.552856981754303,0.3702435917579211,0.4095995590625747
2018-05-09 23:59:59,0.5395119786262512,0.3702435917579211,0.4095995590625747
2018-05-10 23:59:59,0.526373028755188,0.3702435917579211,0.4095995590625747
2018-05-11 23:59:59,0.467844009399414,0.3702435917579211,0.4095995590625747
2018-05-12 23:59:59,0.4647639989852905,0.3702435917579211,0.4095995590625747
2018-05-13 23:59:59,0.5034570097923279,0.3702435917579211,0.4095995590625747
2018-05-14 23:59:59,0.5169119834899902,0.3702435917579211,0.4095995590625747
2018-05-15 23:59:59,0.5040040016174316,0.3702435917579211,0.4095995590625747
2018-05-16 23:59:59,0.4808909893035888,0.3702435917579211,0.4095995590625747
2018-05-17 23:59:59,0.4444470107555389,0.3702435917579211,0.4095995590625747
2018-05-18 23:59:59,0.4568409919738769,0.3702435917579211,0.4095995590625747
2018-05-19 23:59:59,0.4530859887599945,0.3702435917579211,0.4095995590625747
2018-05-20 23:59:59,0.4531710147857666,0.3702435917579211,0.4095995590625747
2018-05-21 23:59:59,0.4243560135364532,0.3702435917579211,0.4095995590625747
2018-05-22 23:59:59,0.3769969940185547,0.3702435917579211,0.4095995590625747
2018-05-23 23:59:59,0.348690003156662,0.3702435917579211,0.4095995590625747
2018-05-24 23:59:59,0.3605259954929352,0.3702435917579211,0.4095995590625747
2018-05-25 23:59:59,0.342848002910614,0.3702435917579211,0.4095995590625747
2018-05-26 23:59:59,0.3646200001239776,0.3702435917579211,0.4095995590625747
2018-05-27 23:59:59,0.3452489972114563,0.3702435917579211,0.4095995590625747
2018-05-28 23:59:59,0.3158499896526336,0.3702435917579211,0.4095995590625747
2018-05-29 23:59:59,0.3512569963932037,0.3702435917579211,0.4095995590625747
2018-05-30 23:59:59,0.3358339965343475,0.3702435917579211,0.4095995590625747
2018-05-31 23:59:59,0.34477299451828,0.3702435917579211,0.4095995590625747
2018-06-01 23:59:59,0.3495030105113983,0.3702435917579211,0.4095995590625747
2018-06-02 23:59:59,0.3673099875450134,0.3702435917579211,0.4095995590625747
2018-06-03 23:59:59,0.3622939884662628,0.3702435917579211,0.4095995590625747
2018-06-04 23:59:59,0.3405089974403381,0.3702435917579211,0.4095995590625747
2018-06-05 23:59:59,0.3361909985542297,0.3702435917579211,0.4095995590625747
2018-06-06 23:59:59,0.3298639953136444,0.3702435917579211,0.4095995590625747
2018-06-07 23:59:59,0.306769996881485,0.3702435917579211,0.4095995590625747
2018-06-08 23:59:59,0.2935310006141662,0.3702435917579211,0.4095995590625747
2018-06-09 23:59:59,0.2976239919662475,0.3702435917579211,0.4095995590625747
2018-06-10 23:59:59,0.2418279945850372,0.3702435917579211,0.4095995590625747
2018-06-11 23:59:59,0.2629750072956085,0.3702435917579211,0.4095995590625747
2018-06-12 23:59:59,0.2286359965801239,0.3702435917579211,0.4095995590625747
2018-06-13 23:59:59,0.2145259976387024,0.3702435917579211,0.4095995590625747
2018-06-14 23:59:59,0.2399639934301376,0.3702435917579211,0.4095995590625747
2018-06-15 23:59:59,0.2235569953918457,0.3702435917579211,0.4095995590625747
2018-06-16 23:59:59,0.222021996974945,0.3702435917579211,0.4095995590625747
2018-06-17 23:59:59,0.2140019983053207,0.3702435917579211,0.4095995590625747
2018-06-18 23:59:59,0.2100799977779388,0.3702435917579211,0.4095995590625747
2018-06-19 23:59:59,0.2207649946212768,0.3702435917579211,0.4095995590625747
2018-06-20 23:59:59,0.2255810052156448,0.3702435917579211,0.4095995590625747
2018-06-21 23:59:59,0.2128809988498687,0.3702435917579211,0.4095995590625747
2018-06-22 23:59:59,0.1860889941453933,0.3702435917579211,0.4095995590625747
2018-06-23 23:59:59,0.1936600059270858,0.3702435917579211,0.4095995590625747
2018-06-24 23:59:59,0.1869439929723739,0.3702435917579211,0.4095995590625747
2018-06-25 23:59:59,0.1796970069408416,0.3702435917579211,0.4095995590625747
2018-06-26 23:59:59,0.1707710027694702,0.3702435917579211,0.4095995590625747
2018-06-27 23:59:59,0.171994999051094,0.3702435917579211,0.4095995590625747
2018-06-28 23:59:59,0.1662780046463012,0.3702435917579211,0.4095995590625747
2018-06-29 23:59:59,0.1810719966888427,0.3702435917579211,0.4095995590625747
2018-06-30 23:59:59,0.226619005203247,0.3702435917579211,0.4095995590625747
2018-07-01 23:59:59,0.2212000042200088,0.2745970545164917,0.4095995590625747
2018-07-02 23:59:59,0.248999997973442,0.2745970545164917,0.4095995590625747
2018-07-03 23:59:59,0.236517995595932,0.2745970545164917,0.4095995590625747
2018-07-04 23:59:59,0.2322860062122345,0.2745970545164917,0.4095995590625747
2018-07-05 23:59:59,0.2184939980506897,0.2745970545164917,0.4095995590625747
2018-07-06 23:59:59,0.2299489974975586,0.2745970545164917,0.4095995590625747
2018-07-07 23:59:59,0.2499420046806335,0.2745970545164917,0.4095995590625747
2018-07-08 23:59:59,0.2467450052499771,0.2745970545164917,0.4095995590625747
2018-07-09 23:59:59,0.2352160066366195,0.2745970545164917,0.4095995590625747
2018-07-10 23:59:59,0.2111669927835464,0.2745970545164917,0.4095995590625747
2018-07-11 23:59:59,0.2067350000143051,0.2745970545164917,0.4095995590625747
2018-07-12 23:59:59,0.204594001173973,0.2745970545164917,0.4095995590625747
2018-07-13 23:59:59,0.2006949931383133,0.2745970545164917,0.4095995590625747
2018-07-14 23:59:59,0.194691002368927,0.2745970545164917,0.4095995590625747
2018-07-15 23:59:59,0.1993100047111511,0.2745970545164917,0.4095995590625747
2018-07-16 23:59:59,0.2225590050220489,0.2745970545164917,0.4095995590625747
2018-07-17 23:59:59,0.2486740052700042,0.2745970545164917,0.4095995590625747
2018-07-18 23:59:59,0.239779993891716,0.2745970545164917,0.4095995590625747
2018-07-19 23:59:59,0.2296729981899261,0.2745970545164917,0.4095995590625747
2018-07-20 23:59:59,0.2164500057697296,0.2745970545164917,0.4095995590625747
2018-07-21 23:59:59,0.2229910045862198,0.2745970545164917,0.4095995590625747
2018-07-22 23:59:59,0.2014220058917999,0.2745970545164917,0.4095995590625747
2018-07-23 23:59:59,0.197050005197525,0.2745970545164917,0.4095995590625747
2018-07-24 23:59:59,0.2026239931583404,0.2745970545164917,0.4095995590625747
2018-07-25 23:59:59,0.243707999587059,0.2745970545164917,0.4095995590625747
2018-07-26 23:59:59,0.2518309950828552,0.2745970545164917,0.4095995590625747
2018-07-27 23:59:59,0.2668400108814239,0.2745970545164917,0.4095995590625747
2018-07-28 23:59:59,0.2799809873104095,0.2745970545164917,0.4095995590625747
2018-07-29 23:59:59,0.3286789953708648,0.2745970545164917,0.4095995590625747
2018-07-30 23:59:59,0.318274,0.2745970545164917,0.4095995590625747
2018-07-31 23:59:59,0.293934,0.2745970545164917,0.4095995590625747
2018-08-01 23:59:59,0.28728,0.2745970545164917,0.4095995590625747
2018-08-02 23:59:59,0.30958,0.2745970545164917,0.4095995590625747
2018-08-03 23:59:59,0.284746,0.2745970545164917,0.4095995590625747
2018-08-04 23:59:59,0.257989,0.2745970545164917,0.4095995590625747
2018-08-05 23:59:59,0.253947,0.2745970545164917,0.4095995590625747
2018-08-06 23:59:59,0.236471,0.2745970545164917,0.4095995590625747
2018-08-07 23:59:59,0.233997,0.2745970545164917,0.4095995590625747
2018-08-08 23:59:59,0.22804,0.2745970545164917,0.4095995590625747
2018-08-09 23:59:59,0.276128,0.2745970545164917,0.4095995590625747
2018-08-10 23:59:59,0.274727,0.2745970545164917,0.4095995590625747
2018-08-11 23:59:59,0.27067,0.2745970545164917,0.4095995590625747
2018-08-12 23:59:59,0.283597,0.2745970545164917,0.4095995590625747
2018-08-13 23:59:59,0.259292,0.2745970545164917,0.4095995590625747
2018-08-14 23:59:59,0.27191,0.2745970545164917,0.4095995590625747
2018-08-15 23:59:59,0.257547,0.2745970545164917,0.4095995590625747
2018-08-16 23:59:59,0.268244,0.2745970545164917,0.4095995590625747
2018-08-17 23:59:59,0.291827,0.2745970545164917,0.4095995590625747
2018-08-18 23:59:59,0.27332,0.2745970545164917,0.4095995590625747
2018-08-19 23:59:59,0.302272,0.2745970545164917,0.4095995590625747
2018-08-20 23:59:59,0.287262,0.2745970545164917,0.4095995590625747
2018-08-21 23:59:59,0.311927,0.2745970545164917,0.4095995590625747
2018-08-22 23:59:59,0.314632,0.2745970545164917,0.4095995590625747
2018-08-23 23:59:59,0.321022,0.2745970545164917,0.4095995590625747
2018-08-24 23:59:59,0.336927,0.2745970545164917,0.4095995590625747
2018-08-25 23:59:59,0.319767,0.2745970545164917,0.4095995590625747
2018-08-26 23:59:59,0.328878,0.2745970545164917,0.4095995590625747
2018-08-27 23:59:59,0.336085,0.2745970545164917,0.4095995590625747
2018-08-28 23:59:59,0.335793,0.2745970545164917,0.4095995590625747
2018-08-29 23:59:59,0.30871,0.2745970545164917,0.4095995590625747
2018-08-30 23:59:59,0.30539,0.2745970545164917,0.4095995590625747
2018-08-31 23:59:59,0.328099,0.2745970545164917,0.4095995590625747
2018-09-01 23:59:59,0.328258,0.2745970545164917,0.4095995590625747
2018-09-02 23:59:59,0.310938,0.2745970545164917,0.4095995590625747
2018-09-03 23:59:59,0.30394,0.2745970545164917,0.4095995590625747
2018-09-04 23:59:59,0.29972,0.2745970545164917,0.4095995590625747
2018-09-05 23:59:59,0.268699,0.2745970545164917,0.4095995590625747
2018-09-06 23:59:59,0.27239,0.2745970545164917,0.4095995590625747
2018-09-07 23:59:59,0.260662,0.2745970545164917,0.4095995590625747
2018-09-08 23:59:59,0.241907,0.2745970545164917,0.4095995590625747
2018-09-09 23:59:59,0.239741,0.2745970545164917,0.4095995590625747
2018-09-10 23:59:59,0.247807,0.2745970545164917,0.4095995590625747
2018-09-11 23:59:59,0.260429,0.2745970545164917,0.4095995590625747
2018-09-12 23:59:59,0.253495,0.2745970545164917,0.4095995590625747
2018-09-13 23:59:59,0.271776,0.2745970545164917,0.4095995590625747
2018-09-14 23:59:59,0.268898,0.2745970545164917,0.4095995590625747
2018-09-15 23:59:59,0.269288,0.2745970545164917,0.4095995590625747
2018-09-16 23:59:59,0.273865,0.2745970545164917,0.4095995590625747
2018-09-17 23:59:59,0.268721,0.2745970545164917,0.4095995590625747
2018-09-18 23:59:59,0.291212,0.2745970545164917,0.4095995590625747
2018-09-19 23:59:59,0.329173,0.2745970545164917,0.4095995590625747
2018-09-20 23:59:59,0.358403,0.2745970545164917,0.4095995590625747
2018-09-21 23:59:59,0.353303,0.2745970545164917,0.4095995590625747
2018-09-22 23:59:59,0.33786,0.2745970545164917,0.4095995590625747
2018-09-23 23:59:59,0.343609,0.2745970545164917,0.4095995590625747
2018-09-24 23:59:59,0.334657,0.2745970545164917,0.4095995590625747
2018-09-25 23:59:59,0.326493,0.2745970545164917,0.4095995590625747
2018-09-26 23:59:59,0.348924,0.2745970545164917,0.4095995590625747
2018-09-27 23:59:59,0.34559,0.2745970545164917,0.4095995590625747
2018-09-28 23:59:59,0.334983,0.2745970545164917,0.4095995590625747
2018-09-29 23:59:59,0.329202,0.2745970545164917,0.4095995590625747
2018-09-30 23:59:59,0.331898,0.2745970545164917,0.4095995590625747
2018-10-01 23:59:59,0.325232,0.3592679993397609,0.4095995590625747
2018-10-02 23:59:59,0.321105,0.3592679993397609,0.4095995590625747
2018-10-03 23:59:59,0.310338,0.3592679993397609,0.4095995590625747
2018-10-04 23:59:59,0.32094,0.3592679993397609,0.4095995590625747
2018-10-05 23:59:59,0.356504,0.3592679993397609,0.4095995590625747
2018-10-06 23:59:59,0.338098,0.3592679993397609,0.4095995590625747
2018-10-07 23:59:59,0.337637,0.3592679993397609,0.4095995590625747
2018-10-08 23:59:59,0.343585,0.3592679993397609,0.4095995590625747
2018-10-09 23:59:59,0.339712,0.3592679993397609,0.4095995590625747
2018-10-10 23:59:59,0.347861,0.3592679993397609,0.4095995590625747
2018-10-11 23:59:59,0.303201,0.3592679993397609,0.4095995590625747
2018-10-12 23:59:59,0.311278,0.3592679993397609,0.4095995590625747
2018-10-13 23:59:59,0.318843,0.3592679993397609,0.4095995590625747
2018-10-14 23:59:59,0.325284,0.3592679993397609,0.4095995590625747
2018-10-15 23:59:59,0.339638,0.3592679993397609,0.4095995590625747
2018-10-16 23:59:59,0.358845,0.3592679993397609,0.4095995590625747
2018-10-17 23:59:59,0.376968,0.3592679993397609,0.4095995590625747
2018-10-18 23:59:59,0.376913,0.3592679993397609,0.4095995590625747
2018-10-19 23:59:59,0.361977,0.3592679993397609,0.4095995590625747
2018-10-20 23:59:59,0.370766,0.3592679993397609,0.4095995590625747
2018-10-21 23:59:59,0.371791,0.3592679993397609,0.4095995590625747
2018-10-22 23:59:59,0.390431,0.3592679993397609,0.4095995590625747
2018-10-23 23:59:59,0.437883,0.3592679993397609,0.4095995590625747
2018-10-24 23:59:59,0.412075,0.3592679993397609,0.4095995590625747
2018-10-25 23:59:59,0.437743,0.3592679993397609,0.4095995590625747
2018-10-26 23:59:59,0.432123,0.3592679993397609,0.4095995590625747
2018-10-27 23:59:59,0.444364,0.3592679993397609,0.4095995590625747
2018-10-28 23:59:59,0.440448,0.3592679993397609,0.4095995590625747
2018-10-29 23:59:59,0.418148,0.3592679993397609,0.4095995590625747
2018-10-30 23:59:59,0.45041,0.3592679993397609,0.4095995590625747
2018-10-31 23:59:59,0.506044,0.3592679993397609,0.4095995590625747
2018-11-01 23:59:59,0.514022,0.3592679993397609,0.4095995590625747
2018-11-02 23:59:59,0.500783,0.3592679993397609,0.4095995590625747
2018-11-03 23:59:59,0.543031,0.3592679993397609,0.4095995590625747
2018-11-04 23:59:59,0.503996,0.3592679993397609,0.4095995590625747
2018-11-05 23:59:59,0.481368,0.3592679993397609,0.4095995590625747
2018-11-06 23:59:59,0.484115,0.3592679993397609,0.4095995590625747
2018-11-07 23:59:59,0.482141,0.3592679993397609,0.4095995590625747
2018-11-08 23:59:59,0.497974,0.3592679993397609,0.4095995590625747
2018-11-09 23:59:59,0.492477,0.3592679993397609,0.4095995590625747
2018-11-10 23:59:59,0.521143,0.3592679993397609,0.4095995590625747
2018-11-11 23:59:59,0.509636,0.3592679993397609,0.4095995590625747
2018-11-12 23:59:59,0.562799,0.3592679993397609,0.4095995590625747
2018-11-13 23:59:59,0.581442,0.3592679993397609,0.4095995590625747
2018-11-14 23:59:59,0.547843,0.3592679993397609,0.4095995590625747
2018-11-15 23:59:59,0.541633,0.3592679993397609,0.4095995590625747
2018-11-16 23:59:59,0.512894,0.3592679993397609,0.4095995590625747
2018-11-17 23:59:59,0.48512,0.3592679993397609,0.4095995590625747
2018-11-18 23:59:59,0.524238,0.3592679993397609,0.4095995590625747
2018-11-19 23:59:59,0.41129,0.3592679993397609,0.4095995590625747
2018-11-20 23:59:59,0.341813,0.3592679993397609,0.4095995590625747
2018-11-21 23:59:59,0.367507,0.3592679993397609,0.4095995590625747
2018-11-22 23:59:59,0.342961,0.3592679993397609,0.4095995590625747
2018-11-23 23:59:59,0.329343,0.3592679993397609,0.4095995590625747
2018-11-24 23:59:59,0.284568,0.3592679993397609,0.4095995590625747
2018-11-25 23:59:59,0.259428,0.3592679993397609,0.4095995590625747
2018-11-26 23:59:59,0.283866,0.3592679993397609,0.4095995590625747
2018-11-27 23:59:59,0.287584,0.3592679993397609,0.4095995590625747
2018-11-28 23:59:59,0.33146,0.3592679993397609,0.4095995590625747
2018-11-29 23:59:59,0.34478200997,0.3592679993397609,0.4095995590625747
2018-11-30 23:59:59,0.322241746476,0.3592679993397609,0.4095995590625747
2018-12-01 23:59:59,0.33269225277,0.3592679993397609,0.4095995590625747
2018-12-02 23:59:59,0.31565722113,0.3592679993397609,0.4095995590625747
2018-12-03 23:59:59,0.288481740048,0.3592679993397609,0.4095995590625747
2018-12-04 23:59:59,0.287811704225,0.3592679993397609,0.4095995590625747
2018-12-05 23:59:59,0.256612559562,0.3592679993397609,0.4095995590625747
2018-12-06 23:59:59,0.222731574828,0.3592679993397609,0.4095995590625747
2018-12-07 23:59:59,0.216467937935,0.3592679993397609,0.4095995590625747
2018-12-08 23:59:59,0.228282839747,0.3592679993397609,0.4095995590625747
2018-12-09 23:59:59,0.23979077229,0.3592679993397609,0.4095995590625747
2018-12-10 23:59:59,0.21907202523,0.3592679993397609,0.4095995590625747
2018-12-11 23:59:59,0.223391103289,0.3592679993397609,0.4095995590625747
2018-12-12 23:59:59,0.226759005222,0.3592679993397609,0.4095995590625747
2018-12-13 23:59:59,0.205695911914,0.3592679993397609,0.4095995590625747
2018-12-14 23:59:59,0.202931857061,0.3592679993397609,0.4095995590625747
2018-12-15 23:59:59,0.203356718746,0.3592679993397609,0.4095995590625747
2018-12-16 23:59:59,0.206881600449,0.3592679993397609,0.4095995590625747
2018-12-17 23:59:59,0.233421576126,0.3592679993397609,0.4095995590625747
2018-12-18 23:59:59,0.270225230407,0.3592679993397609,0.4095995590625747
2018-12-19 23:59:59,0.296345606793,0.3592679993397609,0.4095995590625747
2018-12-20 23:59:59,0.338506048816,0.3592679993397609,0.4095995590625747
2018-12-21 23:59:59,0.298483262281,0.3592679993397609,0.4095995590625747
2018-12-22 23:59:59,0.311305924056,0.3592679993397609,0.4095995590625747
2018-12-23 23:59:59,0.313261455863,0.3592679993397609,0.4095995590625747
2018-12-24 23:59:59,0.307952486311,0.3592679993397609,0.4095995590625747
2018-12-25 23:59:59,0.317662240943,0.3592679993397609,0.4095995590625747
2018-12-26 23:59:59,0.307583407748,0.3592679993397609,0.4095995590625747
2018-12-27 23:59:59,0.275171072138,0.3592679993397609,0.4095995590625747
2018-12-28 23:59:59,0.29837939009,0.3592679993397609,0.4095995590625747
2018-12-29 23:59:59,0.299969849477,0.3592679993397609,0.4095995590625747
2018-12-30 23:59:59,0.298643357435,0.3592679993397609,0.4095995590625747
2018-12-31 23:59:59,0.289444449882,0.3592679993397609,0.4095995590625747
2019-01-01 23:59:59,0.299371000824,0.44945278399051114,1.5363962121421424
2019-01-02 23:59:59,0.316488833681,0.44945278399051114,1.5363962121421424
2019-01-03 23:59:59,0.365974304636,0.44945278399051114,1.5363962121421424
2019-01-04 23:59:59,0.437175390788,0.44945278399051114,1.5363962121421424
2019-01-05 23:59:59,0.395948252783,0.44945278399051114,1.5363962121421424
2019-01-06 23:59:59,0.397010182379,0.44945278399051114,1.5363962121421424
2019-01-07 23:59:59,0.376474143284,0.44945278399051114,1.5363962121421424
2019-01-08 23:59:59,0.424198422872,0.44945278399051114,1.5363962121421424
2019-01-09 23:59:59,0.401804968426,0.44945278399051114,1.5363962121421424
2019-01-10 23:59:59,0.354603780319,0.44945278399051114,1.5363962121421424
2019-01-11 23:59:59,0.444193038996,0.44945278399051114,1.5363962121421424
2019-01-12 23:59:59,0.412244398828,0.44945278399051114,1.5363962121421424
2019-01-13 23:59:59,0.444260572655,0.44945278399051114,1.5363962121421424
2019-01-14 23:59:59,0.485660068689,0.44945278399051114,1.5363962121421424
2019-01-15 23:59:59,0.518794662914,0.44945278399051114,1.5363962121421424
2019-01-16 23:59:59,0.497373659823,0.44945278399051114,1.5363962121421424
2019-01-17 23:59:59,0.483011881103,0.44945278399051114,1.5363962121421424
2019-01-18 23:59:59,0.500731508034,0.44945278399051114,1.5363962121421424
2019-01-19 23:59:59,0.49146990724,0.44945278399051114,1.5363962121421424
2019-01-20 23:59:59,0.490122567162,0.44945278399051114,1.5363962121421424
2019-01-21 23:59:59,0.503411581798,0.44945278399051114,1.5363962121421424
2019-01-22 23:59:59,0.540334699958,0.44945278399051114,1.5363962121421424
2019-01-23 23:59:59,0.509976027783,0.44945278399051114,1.5363962121421424
2019-01-24 23:59:59,0.504242133718,0.44945278399051114,1.5363962121421424
2019-01-25 23:59:59,0.479549387295,0.44945278399051114,1.5363962121421424
2019-01-26 23:59:59,0.47214917483,0.44945278399051114,1.5363962121421424
2019-01-27 23:59:59,0.433748990588,0.44945278399051114,1.5363962121421424
2019-01-28 23:59:59,0.413490114693,0.44945278399051114,1.5363962121421424
2019-01-29 23:59:59,0.45523499992,0.44945278399051114,1.5363962121421424
2019-01-30 23:59:59,0.426928766389,0.44945278399051114,1.5363962121421424
2019-01-31 23:59:59,0.387690354953,0.44945278399051114,1.5363962121421424
2019-02-01 23:59:59,0.419263468526,0.44945278399051114,1.5363962121421424
2019-02-02 23:59:59,0.414927034577,0.44945278399051114,1.5363962121421424
2019-02-03 23:59:59,0.396141862991,0.44945278399051114,1.5363962121421424
2019-02-04 23:59:59,0.394451796319,0.44945278399051114,1.5363962121421424
2019-02-05 23:59:59,0.421776232937,0.44945278399051114,1.5363962121421424
2019-02-06 23:59:59,0.399619981684,0.44945278399051114,1.5363962121421424
2019-02-07 23:59:59,0.40147423891,0.44945278399051114,1.5363962121421424
2019-02-08 23:59:59,0.436518891377,0.44945278399051114,1.5363962121421424
2019-02-09 23:59:59,0.46433419057,0.44945278399051114,1.5363962121421424
2019-02-10 23:59:59,0.452186140587,0.44945278399051114,1.5363962121421424
2019-02-11 23:59:59,0.429450855114,0.44945278399051114,1.5363962121421424
2019-02-12 23:59:59,0.425395475395,0.44945278399051114,1.5363962121421424
2019-02-13 23:59:59,0.444044077411,0.44945278399051114,1.5363962121421424
2019-02-14 23:59:59,0.428376206185,0.44945278399051114,1.5363962121421424
2019-02-15 23:59:59,0.432968855529,0.44945278399051114,1.5363962121421424
2019-02-16 23:59:59,0.440510791116,0.44945278399051114,1.5363962121421424
2019-02-17 23:59:59,0.457499213087,0.44945278399051114,1.5363962121421424
2019-02-18 23:59:59,0.474333042057,0.44945278399051114,1.5363962121421424
2019-02-19 23:59:59,0.458156230521,0.44945278399051114,1.5363962121421424
2019-02-20 23:59:59,0.466109742431,0.44945278399051114,1.5363962121421424
2019-02-21 23:59:59,0.445462670492,0.44945278399051114,1.5363962121421424
2019-02-22 23:59:59,0.452029207229,0.44945278399051114,1.5363962121421424
2019-02-23 23:59:59,0.461888803947,0.44945278399051114,1.5363962121421424
2019-02-24 23:59:59,0.410640393381,0.44945278399051114,1.5363962121421424
2019-02-25 23:59:59,0.470638463639,0.44945278399051114,1.5363962121421424
2019-02-26 23:59:59,0.437432474503,0.44945278399051114,1.5363962121421424
2019-02-27 23:59:59,0.431478942881,0.44945278399051114,1.5363962121421424
2019-02-28 23:59:59,0.427420577979,0.44945278399051114,1.5363962121421424
2019-03-01 23:59:59,0.431784968943,0.44945278399051114,1.5363962121421424
2019-03-02 23:59:59,0.427786768967,0.44945278399051114,1.5363962121421424
2019-03-03 23:59:59,0.424168710303,0.44945278399051114,1.5363962121421424
2019-03-04 23:59:59,0.407811036067,0.44945278399051114,1.5363962121421424
2019-03-05 23:59:59,0.43299727215,0.44945278399051114,1.5363962121421424
2019-03-06 23:59:59,0.43182109939,0.44945278399051114,1.5363962121421424
2019-03-07 23:59:59,0.455831911879,0.44945278399051114,1.5363962121421424
2019-03-08 23:59:59,0.466202156148,0.44945278399051114,1.5363962121421424
2019-03-09 23:59:59,0.47745611912,0.44945278399051114,1.5363962121421424
2019-03-10 23:59:59,0.50176812384,0.44945278399051114,1.5363962121421424
2019-03-11 23:59:59,0.467489800266,0.44945278399051114,1.5363962121421424
2019-03-12 23:59:59,0.488551861623,0.44945278399051114,1.5363962121421424
2019-03-13 23:59:59,0.48450991425,0.44945278399051114,1.5363962121421424
2019-03-14 23:59:59,0.491097481404,0.44945278399051114,1.5363962121421424
2019-03-15 23:59:59,0.490086779461,0.44945278399051114,1.5363962121421424
2019-03-16 23:59:59,0.48559896671,0.44945278399051114,1.5363962121421424
2019-03-17 23:59:59,0.483684815102,0.44945278399051114,1.5363962121421424
2019-03-18 23:59:59,0.480714048126,0.44945278399051114,1.5363962121421424
2019-03-19 23:59:59,0.485390721465,0.44945278399051114,1.5363962121421424
2019-03-20 23:59:59,0.486085922728,0.44945278399051114,1.5363962121421424
2019-03-21 23:59:59,0.461060795862,0.44945278399051114,1.5363962121421424
2019-03-22 23:59:59,0.466445765386,0.44945278399051114,1.5363962121421424
2019-03-23 23:59:59,0.463083528121,0.44945278399051114,1.5363962121421424
2019-03-24 23:59:59,0.456404937246,0.44945278399051114,1.5363962121421424
2019-03-25 23:59:59,0.476395443212,0.44945278399051114,1.5363962121421424
2019-03-26 23:59:59,0.463600843949,0.44945278399051114,1.5363962121421424
2019-03-27 23:59:59,0.49987076768,0.44945278399051114,1.5363962121421424
2019-03-28 23:59:59,0.503459360626,0.44945278399051114,1.5363962121421424
2019-03-29 23:59:59,0.499502088528,0.44945278399051114,1.5363962121421424
2019-03-30 23:59:59,0.494277774853,0.44945278399051114,1.5363962121421424
2019-03-31 23:59:59,0.507613137005,0.44945278399051114,1.5363962121421424
2019-04-01 23:59:59,0.556137820646,1.027970098288088,1.5363962121421424
2019-04-02 23:59:59,0.584279297229,1.027970098288088,1.5363962121421424
2019-04-03 23:59:59,0.565452884109,1.027970098288088,1.5363962121421424
2019-04-04 23:59:59,0.542240018876,1.027970098288088,1.5363962121421424
2019-04-05 23:59:59,0.577468264522,1.027970098288088,1.5363962121421424
2019-04-06 23:59:59,0.570109575343,1.027970098288088,1.5363962121421424
2019-04-07 23:59:59,0.577118591017,1.027970098288088,1.5363962121421424
2019-04-08 23:59:59,0.568899491702,1.027970098288088,1.5363962121421424
2019-04-09 23:59:59,0.534679808445,1.027970098288088,1.5363962121421424
2019-04-10 23:59:59,0.520256904197,1.027970098288088,1.5363962121421424
2019-04-11 23:59:59,0.486122622375,1.027970098288088,1.5363962121421424
2019-04-12 23:59:59,0.49535019074,1.027970098288088,1.5363962121421424
2019-04-13 23:59:59,0.539207649152,1.027970098288088,1.5363962121421424
2019-04-14 23:59:59,0.528740487523,1.027970098288088,1.5363962121421424
2019-04-15 23:59:59,0.492213832888,1.027970098288088,1.5363962121421424
2019-04-16 23:59:59,0.503053655316,1.027970098288088,1.5363962121421424
2019-04-17 23:59:59,0.500259478198,1.027970098288088,1.5363962121421424
2019-04-18 23:59:59,0.52436223003,1.027970098288088,1.5363962121421424
2019-04-19 23:59:59,0.514269987674,1.027970098288088,1.5363962121421424
2019-04-20 23:59:59,0.51566072323,1.027970098288088,1.5363962121421424
2019-04-21 23:59:59,0.499498044065,1.027970098288088,1.5363962121421424
2019-04-22 23:59:59,0.496663647229,1.027970098288088,1.5363962121421424
2019-04-23 23:59:59,0.481482865972,1.027970098288088,1.5363962121421424
2019-04-24 23:59:59,0.478312668558,1.027970098288088,1.5363962121421424
2019-04-25 23:59:59,0.445505864514,1.027970098288088,1.5363962121421424
2019-04-26 23:59:59,0.436926445349,1.027970098288088,1.5363962121421424
2019-04-27 23:59:59,0.441570589631,1.027970098288088,1.5363962121421424
2019-04-28 23:59:59,0.448217504115,1.027970098288088,1.5363962121421424
2019-04-29 23:59:59,0.433501003357,1.027970098288088,1.5363962121421424
2019-04-30 23:59:59,0.473169910346,1.027970098288088,1.5363962121421424
2019-05-01 23:59:59,0.476024757087,1.027970098288088,1.5363962121421424
2019-05-02 23:59:59,0.463421328032,1.027970098288088,1.5363962121421424
2019-05-03 23:59:59,0.512165029507,1.027970098288088,1.5363962121421424
2019-05-04 23:59:59,0.494994683742,1.027970098288088,1.5363962121421424
2019-05-05 23:59:59,0.506979141554,1.027970098288088,1.5363962121421424
2019-05-06 23:59:59,0.57812008118,1.027970098288088,1.5363962121421424
2019-05-07 23:59:59,0.544724346331,1.027970098288088,1.5363962121421424
2019-05-08 23:59:59,0.591537354559,1.027970098288088,1.5363962121421424
2019-05-09 23:59:59,0.639848603899,1.027970098288088,1.5363962121421424
2019-05-10 23:59:59,0.671460139813,1.027970098288088,1.5363962121421424
2019-05-11 23:59:59,0.678823365963,1.027970098288088,1.5363962121421424
2019-05-12 23:59:59,0.657990035887,1.027970098288088,1.5363962121421424
2019-05-13 23:59:59,0.64669673537,1.027970098288088,1.5363962121421424
2019-05-14 23:59:59,0.823081659415,1.027970098288088,1.5363962121421424
2019-05-15 23:59:59,0.845574079479,1.027970098288088,1.5363962121421424
2019-05-16 23:59:59,0.926124605861,1.027970098288088,1.5363962121421424
2019-05-17 23:59:59,0.887730892631,1.027970098288088,1.5363962121421424
2019-05-18 23:59:59,0.934154410604,1.027970098288088,1.5363962121421424
2019-05-19 23:59:59,0.994349991433,1.027970098288088,1.5363962121421424
2019-05-20 23:59:59,1.12893765303,1.027970098288088,1.5363962121421424
2019-05-21 23:59:59,1.18592317267,1.027970098288088,1.5363962121421424
2019-05-22 23:59:59,1.22004352746,1.027970098288088,1.5363962121421424
2019-05-23 23:59:59,1.34499063114,1.027970098288088,1.5363962121421424
2019-05-24 23:59:59,1.33695991223,1.027970098288088,1.5363962121421424
2019-05-25 23:59:59,1.12931167727,1.027970098288088,1.5363962121421424
2019-05-26 23:59:59,1.08706537367,1.027970098288088,1.5363962121421424
2019-05-27 23:59:59,1.21101091632,1.027970098288088,1.5363962121421424
2019-05-28 23:59:59,1.27538912688,1.027970098288088,1.5363962121421424
2019-05-29 23:59:59,1.18278841033,1.027970098288088,1.5363962121421424
2019-05-30 23:59:59,1.02475095704,1.027970098288088,1.5363962121421424
2019-05-31 23:59:59,1.0215197012,1.027970098288088,1.5363962121421424
2019-06-01 23:59:59,0.965132202368,1.027970098288088,1.5363962121421424
2019-06-02 23:59:59,1.01243420901,1.027970098288088,1.5363962121421424
2019-06-03 23:59:59,0.910968799788,1.027970098288088,1.5363962121421424
2019-06-04 23:59:59,0.883250310255,1.027970098288088,1.5363962121421424
2019-06-05 23:59:59,1.07711790695,1.027970098288088,1.5363962121421424
2019-06-06 23:59:59,1.11963292446,1.027970098288088,1.5363962121421424
2019-06-07 23:59:59,1.17761262318,1.027970098288088,1.5363962121421424
2019-06-08 23:59:59,1.15261996376,1.027970098288088,1.5363962121421424
2019-06-09 23:59:59,1.0732529369,1.027970098288088,1.5363962121421424
2019-06-10 23:59:59,1.19171550588,1.027970098288088,1.5363962121421424
2019-06-11 23:59:59,1.13830485511,1.027970098288088,1.5363962121421424
2019-06-12 23:59:59,1.14275893878,1.027970098288088,1.5363962121421424
2019-06-13 23:59:59,1.84791993852,1.027970098288088,1.5363962121421424
2019-06-14 23:59:59,1.67655789637,1.027970098288088,1.5363962121421424
2019-06-15 23:59:59,1.72130299744,1.027970098288088,1.5363962121421424
2019-06-16 23:59:59,1.67343242849,1.027970098288088,1.5363962121421424
2019-06-17 23:59:59,1.97163526701,1.027970098288088,1.5363962121421424
2019-06-18 23:59:59,1.81853699194,1.027970098288088,1.5363962121421424
2019-06-19 23:59:59,1.83844098878,1.027970098288088,1.5363962121421424
2019-06-20 23:59:59,1.76555053798,1.027970098288088,1.5363962121421424
2019-06-21 23:59:59,1.70287064349,1.027970098288088,1.5363962121421424
2019-06-22 23:59:59,1.83855336415,1.027970098288088,1.5363962121421424
2019-06-23 23:59:59,1.80137450496,1.027970098288088,1.5363962121421424
2019-06-24 23:59:59,1.86033411784,1.027970098288088,1.5363962121421424
2019-06-25 23:59:59,2.18971177204,1.027970098288088,1.5363962121421424
2019-06-26 23:59:59,2.2615596142,1.027970098288088,1.5363962121421424
2019-06-27 23:59:59,2.26760597373,1.027970098288088,1.5363962121421424
2019-06-28 23:59:59,2.96182569091,1.027970098288088,1.5363962121421424
2019-06-29 23:59:59,3.70315189732,1.027970098288088,1.5363962121421424
2019-06-30 23:59:59,3.44688878467,1.027970098288088,1.5363962121421424
2019-07-01 23:59:59,3.59197344566,2.2754653248730436,1.5363962121421424
2019-07-02 23:59:59,3.64543559775,2.2754653248730436,1.5363962121421424
2019-07-03 23:59:59,3.53316378078,2.2754653248730436,1.5363962121421424
2019-07-04 23:59:59,3.48489125655,2.2754653248730436,1.5363962121421424
2019-07-05 23:59:59,3.62215344474,2.2754653248730436,1.5363962121421424
2019-07-06 23:59:59,3.47687993803,2.2754653248730436,1.5363962121421424
2019-07-07 23:59:59,3.31435610578,2.2754653248730436,1.5363962121421424
2019-07-08 23:59:59,3.33575769471,2.2754653248730436,1.5363962121421424
2019-07-09 23:59:59,3.11294892221,2.2754653248730436,1.5363962121421424
2019-07-10 23:59:59,3.11831944945,2.2754653248730436,1.5363962121421424
2019-07-11 23:59:59,2.82713991006,2.2754653248730436,1.5363962121421424
2019-07-12 23:59:59,3.17385080953,2.2754653248730436,1.5363962121421424
2019-07-13 23:59:59,3.17048460635,2.2754653248730436,1.5363962121421424
2019-07-14 23:59:59,2.78738042646,2.2754653248730436,1.5363962121421424
2019-07-15 23:59:59,2.72849241271,2.2754653248730436,1.5363962121421424
2019-07-16 23:59:59,2.19765016243,2.2754653248730436,1.5363962121421424
2019-07-17 23:59:59,2.37970432769,2.2754653248730436,1.5363962121421424
2019-07-18 23:59:59,2.67909113789,2.2754653248730436,1.5363962121421424
2019-07-19 23:59:59,2.60885104055,2.2754653248730436,1.5363962121421424
2019-07-20 23:59:59,2.64464100963,2.2754653248730436,1.5363962121421424
2019-07-21 23:59:59,2.5503552805,2.2754653248730436,1.5363962121421424
2019-07-22 23:59:59,2.42572932169,2.2754653248730436,1.5363962121421424
2019-07-23 23:59:59,2.37099089131,2.2754653248730436,1.5363962121421424
2019-07-24 23:59:59,2.40539608435,2.2754653248730436,1.5363962121421424
2019-07-25 23:59:59,2.38425330997,2.2754653248730436,1.5363962121421424
2019-07-26 23:59:59,2.40356168126,2.2754653248730436,1.5363962121421424
2019-07-27 23:59:59,2.25848024732,2.2754653248730436,1.5363962121421424
2019-07-28 23:59:59,2.21772939199,2.2754653248730436,1.5363962121421424
2019-07-29 23:59:59,2.14030438245,2.2754653248730436,1.5363962121421424
2019-07-30 23:59:59,2.08913880199,2.2754653248730436,1.5363962121421424
2019-07-31 23:59:59,2.19683787361,2.2754653248730436,1.5363962121421424
2019-08-01 23:59:59,2.18125747684,2.2754653248730436,1.5363962121421424
2019-08-02 23:59:59,2.39979518726,2.2754653248730436,1.5363962121421424
2019-08-03 23:59:59,2.42547936113,2.2754653248730436,1.5363962121421424
2019-08-04 23:59:59,2.49768343048,2.2754653248730436,1.5363962121421424
2019-08-05 23:59:59,2.48437478063,2.2754653248730436,1.5363962121421424
2019-08-06 23:59:59,2.46067008909,2.2754653248730436,1.5363962121421424
2019-08-07 23:59:59,2.39185548038,2.2754653248730436,1.5363962121421424
2019-08-08 23:59:59,2.28908391189,2.2754653248730436,1.5363962121421424
2019-08-09 23:59:59,2.17915548876,2.2754653248730436,1.5363962121421424
2019-08-10 23:59:59,2.32256937472,2.2754653248730436,1.5363962121421424
2019-08-11 23:59:59,2.39683570398,2.2754653248730436,1.5363962121421424
2019-08-12 23:59:59,2.37997778584,2.2754653248730436,1.5363962121421424
2019-08-13 23:59:59,2.41307994085,2.2754653248730436,1.5363962121421424
2019-08-14 23:59:59,2.27114827781,2.2754653248730436,1.5363962121421424
2019-08-15 23:59:59,2.41274460261,2.2754653248730436,1.5363962121421424
2019-08-16 23:59:59,2.32189341026,2.2754653248730436,1.5363962121421424
2019-08-17 23:59:59,2.39338955483,2.2754653248730436,1.5363962121421424
2019-08-18 23:59:59,2.49963993513,2.2754653248730436,1.5363962121421424
2019-08-19 23:59:59,2.50515183849,2.2754653248730436,1.5363962121421424
2019-08-20 23:59:59,2.38046271023,2.2754653248730436,1.5363962121421424
2019-08-21 23:59:59,2.21631395845,2.2754653248730436,1.5363962121421424
2019-08-22 23:59:59,2.22958144148,2.2754653248730436,1.5363962121421424
2019-08-23 23:59:59,2.253302195,2.2754653248730436,1.5363962121421424
2019-08-24 23:59:59,2.18519223467,2.2754653248730436,1.5363962121421424
2019-08-25 23:59:59,2.08507735045,2.2754653248730436,1.5363962121421424
2019-08-26 23:59:59,2.07684812142,2.2754653248730436,1.5363962121421424
2019-08-27 23:59:59,2.10718134606,2.2754653248730436,1.5363962121421424
2019-08-28 23:59:59,1.90038655815,2.2754653248730436,1.5363962121421424
2019-08-29 23:59:59,1.78343260686,2.2754653248730436,1.5363962121421424
2019-08-30 23:59:59,1.80638048678,2.2754653248730436,1.5363962121421424
2019-08-31 23:59:59,1.79023064781,2.2754653248730436,1.5363962121421424
2019-09-01 23:59:59,1.77521726919,2.2754653248730436,1.5363962121421424
2019-09-02 23:59:59,1.83348891944,2.2754653248730436,1.5363962121421424
2019-09-03 23:59:59,1.85468762358,2.2754653248730436,1.5363962121421424
2019-09-04 23:59:59,1.78524451902,2.2754653248730436,1.5363962121421424
2019-09-05 23:59:59,1.79788363293,2.2754653248730436,1.5363962121421424
2019-09-06 23:59:59,1.73149590175,2.2754653248730436,1.5363962121421424
2019-09-07 23:59:59,1.7769603716,2.2754653248730436,1.5363962121421424
2019-09-08 23:59:59,1.83096430826,2.2754653248730436,1.5363962121421424
2019-09-09 23:59:59,1.79689270327,2.2754653248730436,1.5363962121421424
2019-09-10 23:59:59,1.8021302795,2.2754653248730436,1.5363962121421424
2019-09-11 23:59:59,1.73482677359,2.2754653248730436,1.5363962121421424
2019-09-12 23:59:59,1.70763933773,2.2754653248730436,1.5363962121421424
2019-09-13 23:59:59,1.58093309257,2.2754653248730436,1.5363962121421424
2019-09-14 23:59:59,1.56510499627,2.2754653248730436,1.5363962121421424
2019-09-15 23:59:59,1.61752526208,2.2754653248730436,1.5363962121421424
2019-09-16 23:59:59,1.58143503339,2.2754653248730436,1.5363962121421424
2019-09-17 23:59:59,1.62943769876,2.2754653248730436,1.5363962121421424
2019-09-18 23:59:59,1.80982082391,2.2754653248730436,1.5363962121421424
2019-09-19 23:59:59,1.87586980113,2.2754653248730436,1.5363962121421424
2019-09-20 23:59:59,1.82775047503,2.2754653248730436,1.5363962121421424
2019-09-21 23:59:59,1.88940549405,2.2754653248730436,1.5363962121421424
2019-09-22 23:59:59,1.82140037856,2.2754653248730436,1.5363962121421424
2019-09-23 23:59:59,1.80734740802,2.2754653248730436,1.5363962121421424
2019-09-24 23:59:59,1.73580925687,2.2754653248730436,1.5363962121421424
2019-09-25 23:59:59,1.76018853099,2.2754653248730436,1.5363962121421424
2019-09-26 23:59:59,1.65897596456,2.2754653248730436,1.5363962121421424
2019-09-27 23:59:59,1.6701612781,2.2754653248730436,1.5363962121421424
2019-09-28 23:59:59,1.68736757816,2.2754653248730436,1.5363962121421424
2019-09-29 23:59:59,1.71722001234,2.2754653248730436,1.5363962121421424
2019-09-30 23:59:59,1.76350712993,2.2754653248730436,1.5363962121421424
2019-10-01 23:59:59,1.83930789329,2.363541065654348,1.5363962121421424
2019-10-02 23:59:59,2.01665999435,2.363541065654348,1.5363962121421424
2019-10-03 23:59:59,1.95103765552,2.363541065654348,1.5363962121421424
2019-10-04 23:59:59,1.97881777731,2.363541065654348,1.5363962121421424
2019-10-05 23:59:59,1.96600398967,2.363541065654348,1.5363962121421424
2019-10-06 23:59:59,2.18810251235,2.363541065654348,1.5363962121421424
2019-10-07 23:59:59,2.40185892281,2.363541065654348,1.5363962121421424
2019-10-08 23:59:59,2.57811099827,2.363541065654348,1.5363962121421424
2019-10-09 23:59:59,2.80385261971,2.363541065654348,1.5363962121421424
2019-10-10 23:59:59,2.6354876779,2.363541065654348,1.5363962121421424
2019-10-11 23:59:59,2.77236063214,2.363541065654348,1.5363962121421424
2019-10-12 23:59:59,2.60712324319,2.363541065654348,1.5363962121421424
2019-10-13 23:59:59,2.49745815388,2.363541065654348,1.5363962121421424
2019-10-14 23:59:59,2.53966717307,2.363541065654348,1.5363962121421424
2019-10-15 23:59:59,2.39479193966,2.363541065654348,1.5363962121421424
2019-10-16 23:59:59,2.39124881671,2.363541065654348,1.5363962121421424
2019-10-17 23:59:59,2.42411277203,2.363541065654348,1.5363962121421424
2019-10-18 23:59:59,2.35856744636,2.363541065654348,1.5363962121421424
2019-10-19 23:59:59,2.35945732158,2.363541065654348,1.5363962121421424
2019-10-20 23:59:59,2.44146408183,2.363541065654348,1.5363962121421424
2019-10-21 23:59:59,2.63204436932,2.363541065654348,1.5363962121421424
2019-10-22 23:59:59,2.60554810388,2.363541065654348,1.5363962121421424
2019-10-23 23:59:59,2.6124985859,2.363541065654348,1.5363962121421424
2019-10-24 23:59:59,2.75163190032,2.363541065654348,1.5363962121421424
2019-10-25 23:59:59,2.83808982257,2.363541065654348,1.5363962121421424
2019-10-26 23:59:59,2.75199689599,2.363541065654348,1.5363962121421424
2019-10-27 23:59:59,2.67546150765,2.363541065654348,1.5363962121421424
2019-10-28 23:59:59,2.67197394523,2.363541065654348,1.5363962121421424
2019-10-29 23:59:59,2.67004416876,2.363541065654348,1.5363962121421424
2019-10-30 23:59:59,2.62421141327,2.363541065654348,1.5363962121421424
2019-10-31 23:59:59,2.73792997355,2.363541065654348,1.5363962121421424
2019-11-01 23:59:59,2.72002235178,2.363541065654348,1.5363962121421424
2019-11-02 23:59:59,2.71036613087,2.363541065654348,1.5363962121421424
2019-11-03 23:59:59,2.67179782436,2.363541065654348,1.5363962121421424
2019-11-04 23:59:59,2.68675194325,2.363541065654348,1.5363962121421424
2019-11-05 23:59:59,2.6826620439,2.363541065654348,1.5363962121421424
2019-11-06 23:59:59,2.74021515571,2.363541065654348,1.5363962121421424
2019-11-07 23:59:59,2.6907416055,2.363541065654348,1.5363962121421424
2019-11-08 23:59:59,2.71664107869,2.363541065654348,1.5363962121421424
2019-11-09 23:59:59,2.80395141828,2.363541065654348,1.5363962121421424
2019-11-10 23:59:59,2.78264568849,2.363541065654348,1.5363962121421424
2019-11-11 23:59:59,2.750325933,2.363541065654348,1.5363962121421424
2019-11-12 23:59:59,2.81781138651,2.363541065654348,1.5363962121421424
2019-11-13 23:59:59,3.01829027644,2.363541065654348,1.5363962121421424
2019-11-14 23:59:59,3.06303569628,2.363541065654348,1.5363962121421424
2019-11-15 23:59:59,3.0351522806,2.363541065654348,1.5363962121421424
2019-11-16 23:59:59,3.01033132068,2.363541065654348,1.5363962121421424
2019-11-17 23:59:59,2.93189130019,2.363541065654348,1.5363962121421424
2019-11-18 23:59:59,2.8266100025,2.363541065654348,1.5363962121421424
2019-11-19 23:59:59,2.75657045636,2.363541065654348,1.5363962121421424
2019-11-20 23:59:59,2.70826636514,2.363541065654348,1.5363962121421424
2019-11-21 23:59:59,2.54966748269,2.363541065654348,1.5363962121421424
2019-11-22 23:59:59,2.35186487704,2.363541065654348,1.5363962121421424
2019-11-23 23:59:59,2.44742420641,2.363541065654348,1.5363962121421424
2019-11-24 23:59:59,2.25579032826,2.363541065654348,1.5363962121421424
2019-11-25 23:59:59,2.27506513547,2.363541065654348,1.5363962121421424
2019-11-26 23:59:59,2.27642836248,2.363541065654348,1.5363962121421424
2019-11-27 23:59:59,2.22916582871,2.363541065654348,1.5363962121421424
2019-11-28 23:59:59,2.27192513303,2.363541065654348,1.5363962121421424
2019-11-29 23:59:59,2.34262031338,2.363541065654348,1.5363962121421424
2019-11-30 23:59:59,2.24207609749,2.363541065654348,1.5363962121421424
2019-12-01 23:59:59,2.16713155432,2.363541065654348,1.5363962121421424
2019-12-02 23:59:59,2.09497572065,2.363541065654348,1.5363962121421424
2019-12-03 23:59:59,2.12998516646,2.363541065654348,1.5363962121421424
2019-12-04 23:59:59,2.0486519358,2.363541065654348,1.5363962121421424
2019-12-05 23:59:59,2.02580749308,2.363541065654348,1.5363962121421424
2019-12-06 23:59:59,2.09244189683,2.363541065654348,1.5363962121421424
2019-12-07 23:59:59,2.06119202464,2.363541065654348,1.5363962121421424
2019-12-08 23:59:59,2.05900580711,2.363541065654348,1.5363962121421424
2019-12-09 23:59:59,2.09103155718,2.363541065654348,1.5363962121421424
2019-12-10 23:59:59,2.27065695432,2.363541065654348,1.5363962121421424
2019-12-11 23:59:59,2.17804879247,2.363541065654348,1.5363962121421424
2019-12-12 23:59:59,2.11907129302,2.363541065654348,1.5363962121421424
2019-12-13 23:59:59,2.07731033016,2.363541065654348,1.5363962121421424
2019-12-14 23:59:59,2.01068608342,2.363541065654348,1.5363962121421424
2019-12-15 23:59:59,2.0868401698,2.363541065654348,1.5363962121421424
2019-12-16 23:59:59,1.98158300969,2.363541065654348,1.5363962121421424
2019-12-17 23:59:59,1.75635163141,2.363541065654348,1.5363962121421424
2019-12-18 23:59:59,1.88072113815,2.363541065654348,1.5363962121421424
2019-12-19 23:59:59,1.82049258293,2.363541065654348,1.5363962121421424
2019-12-20 23:59:59,1.92343326151,2.363541065654348,1.5363962121421424
2019-12-21 23:59:59,1.8736830668,2.363541065654348,1.5363962121421424
2019-12-22 23:59:59,1.93542501783,2.363541065654348,1.5363962121421424
2019-12-23 23:59:59,1.87684993516,2.363541065654348,1.5363962121421424
2019-12-24 23:59:59,1.86312004488,2.363541065654348,1.5363962121421424
2019-12-25 23:59:59,1.80475838722,2.363541065654348,1.5363962121421424
2019-12-26 23:59:59,1.86180002966,2.363541065654348,1.5363962121421424
2019-12-27 23:59:59,1.88650565149,2.363541065654348,1.5363962121421424
2019-12-28 23:59:59,1.87433756185,2.363541065654348,1.5363962121421424
2019-12-29 23:59:59,1.90240445362,2.363541065654348,1.5363962121421424
2019-12-30 23:59:59,1.83897386112,2.363541065654348,1.5363962121421424
2019-12-31 23:59:59,1.76947129606,2.363541065654348,1.5363962121421424
2020-01-01 23:59:59,1.80664024438,2.9953947640806593,7.428177752180629
2020-01-02 23:59:59,1.74114365074,2.9953947640806593,7.428177752180629
2020-01-03 23:59:59,1.80970831704,2.9953947640806593,7.428177752180629
2020-01-04 23:59:59,1.84013338892,2.9953947640806593,7.428177752180629
2020-01-05 23:59:59,1.80778679768,2.9953947640806593,7.428177752180629
2020-01-06 23:59:59,1.93746553071,2.9953947640806593,7.428177752180629
2020-01-07 23:59:59,2.11409774395,2.9953947640806593,7.428177752180629
2020-01-08 23:59:59,2.18360577747,2.9953947640806593,7.428177752180629
2020-01-09 23:59:59,2.18604884232,2.9953947640806593,7.428177752180629
2020-01-10 23:59:59,2.22395934337,2.9953947640806593,7.428177752180629
2020-01-11 23:59:59,2.28324698026,2.9953947640806593,7.428177752180629
2020-01-12 23:59:59,2.24519294753,2.9953947640806593,7.428177752180629
2020-01-13 23:59:59,2.19245326909,2.9953947640806593,7.428177752180629
2020-01-14 23:59:59,2.3899265034,2.9953947640806593,7.428177752180629
2020-01-15 23:59:59,2.404977261,2.9953947640806593,7.428177752180629
2020-01-16 23:59:59,2.48447858493,2.9953947640806593,7.428177752180629
2020-01-17 23:59:59,2.72410907292,2.9953947640806593,7.428177752180629
2020-01-18 23:59:59,2.77410506071,2.9953947640806593,7.428177752180629
2020-01-19 23:59:59,2.6189508103,2.9953947640806593,7.428177752180629
2020-01-20 23:59:59,2.6972986414,2.9953947640806593,7.428177752180629
2020-01-21 23:59:59,2.67355032581,2.9953947640806593,7.428177752180629
2020-01-22 23:59:59,2.6455817375,2.9953947640806593,7.428177752180629
2020-01-23 23:59:59,2.46210876667,2.9953947640806593,7.428177752180629
2020-01-24 23:59:59,2.5043896083,2.9953947640806593,7.428177752180629
2020-01-25 23:59:59,2.45652584168,2.9953947640806593,7.428177752180629
2020-01-26 23:59:59,2.57158166341,2.9953947640806593,7.428177752180629
2020-01-27 23:59:59,2.60965199321,2.9953947640806593,7.428177752180629
2020-01-28 23:59:59,2.65533864843,2.9953947640806593,7.428177752180629
2020-01-29 23:59:59,2.78532422463,2.9953947640806593,7.428177752180629
2020-01-30 23:59:59,2.91298812273,2.9953947640806593,7.428177752180629
2020-01-31 23:59:59,2.82379137195,2.9953947640806593,7.428177752180629
2020-02-01 23:59:59,2.83895320002,2.9953947640806593,7.428177752180629
2020-02-02 23:59:59,2.83258142977,2.9953947640806593,7.428177752180629
2020-02-03 23:59:59,2.77465906965,2.9953947640806593,7.428177752180629
2020-02-04 23:59:59,2.74112058544,2.9953947640806593,7.428177752180629
2020-02-05 23:59:59,2.84562884337,2.9953947640806593,7.428177752180629
2020-02-06 23:59:59,2.8846818954,2.9953947640806593,7.428177752180629
2020-02-07 23:59:59,3.30853179547,2.9953947640806593,7.428177752180629
2020-02-08 23:59:59,3.41445737154,2.9953947640806593,7.428177752180629
2020-02-09 23:59:59,3.4773128748,2.9953947640806593,7.428177752180629
2020-02-10 23:59:59,3.41148418359,2.9953947640806593,7.428177752180629
2020-02-11 23:59:59,3.97555867081,2.9953947640806593,7.428177752180629
2020-02-12 23:59:59,4.02511910767,2.9953947640806593,7.428177752180629
2020-02-13 23:59:59,3.87443459703,2.9953947640806593,7.428177752180629
2020-02-14 23:59:59,4.41437329108,2.9953947640806593,7.428177752180629
2020-02-15 23:59:59,4.30466068093,2.9953947640806593,7.428177752180629
2020-02-16 23:59:59,4.50417140563,2.9953947640806593,7.428177752180629
2020-02-17 23:59:59,4.29700865907,2.9953947640806593,7.428177752180629
2020-02-18 23:59:59,4.54379654852,2.9953947640806593,7.428177752180629
2020-02-19 23:59:59,4.40132590042,2.9953947640806593,7.428177752180629
2020-02-20 23:59:59,4.27136867695,2.9953947640806593,7.428177752180629
2020-02-21 23:59:59,4.29205825352,2.9953947640806593,7.428177752180629
2020-02-22 23:59:59,4.10293721172,2.9953947640806593,7.428177752180629
2020-02-23 23:59:59,4.24348082713,2.9953947640806593,7.428177752180629
2020-02-24 23:59:59,3.91367261595,2.9953947640806593,7.428177752180629
2020-02-25 23:59:59,3.51310407831,2.9953947640806593,7.428177752180629
2020-02-26 23:59:59,3.60072471481,2.9953947640806593,7.428177752180629
2020-02-27 23:59:59,3.94859522521,2.9953947640806593,7.428177752180629
2020-02-28 23:59:59,4.16191001349,2.9953947640806593,7.428177752180629
2020-02-29 23:59:59,4.10854090214,2.9953947640806593,7.428177752180629
2020-03-01 23:59:59,3.87953259153,2.9953947640806593,7.428177752180629
2020-03-02 23:59:59,4.21500712305,2.9953947640806593,7.428177752180629
2020-03-03 23:59:59,4.58363193996,2.9953947640806593,7.428177752180629
2020-03-04 23:59:59,4.64487141659,2.9953947640806593,7.428177752180629
2020-03-05 23:59:59,4.72125439228,2.9953947640806593,7.428177752180629
2020-03-06 23:59:59,4.67849757933,2.9953947640806593,7.428177752180629
2020-03-07 23:59:59,4.34459305452,2.9953947640806593,7.428177752180629
2020-03-08 23:59:59,4.08967065074,2.9953947640806593,7.428177752180629
2020-03-09 23:59:59,4.06391531345,2.9953947640806593,7.428177752180629
2020-03-10 23:59:59,4.08493172455,2.9953947640806593,7.428177752180629
2020-03-11 23:59:59,3.81751671012,2.9953947640806593,7.428177752180629
2020-03-12 23:59:59,2.064778982,2.9953947640806593,7.428177752180629
2020-03-13 23:59:59,2.42113454213,2.9953947640806593,7.428177752180629
2020-03-14 23:59:59,2.1435176266,2.9953947640806593,7.428177752180629
2020-03-15 23:59:59,2.10921103035,2.9953947640806593,7.428177752180629
2020-03-16 23:59:59,1.77987701801,2.9953947640806593,7.428177752180629
2020-03-17 23:59:59,1.84280499876,2.9953947640806593,7.428177752180629
2020-03-18 23:59:59,1.88770024148,2.9953947640806593,7.428177752180629
2020-03-19 23:59:59,2.2466662928,2.9953947640806593,7.428177752180629
2020-03-20 23:59:59,2.24790017028,2.9953947640806593,7.428177752180629
2020-03-21 23:59:59,2.27161538169,2.9953947640806593,7.428177752180629
2020-03-22 23:59:59,1.98886538269,2.9953947640806593,7.428177752180629
2020-03-23 23:59:59,2.23779270396,2.9953947640806593,7.428177752180629
2020-03-24 23:59:59,2.30789666422,2.9953947640806593,7.428177752180629
2020-03-25 23:59:59,2.25967506299,2.9953947640806593,7.428177752180629
2020-03-26 23:59:59,2.29513767583,2.9953947640806593,7.428177752180629
2020-03-27 23:59:59,2.17497064272,2.9953947640806593,7.428177752180629
2020-03-28 23:59:59,2.13671106415,2.9953947640806593,7.428177752180629
2020-03-29 23:59:59,2.0251682317,2.9953947640806593,7.428177752180629
2020-03-30 23:59:59,2.15332009294,2.9953947640806593,7.428177752180629
2020-03-31 23:59:59,2.27034352804,2.9953947640806593,7.428177752180629
2020-04-01 23:59:59,2.27825969784,3.8220888055985713,7.428177752180629
2020-04-02 23:59:59,2.30170919561,3.8220888055985713,7.428177752180629
2020-04-03 23:59:59,2.30506691059,3.8220888055985713,7.428177752180629
2020-04-04 23:59:59,2.32621311615,3.8220888055985713,7.428177752180629
2020-04-05 23:59:59,2.27732501935,3.8220888055985713,7.428177752180629
2020-04-06 23:59:59,2.51341430525,3.8220888055985713,7.428177752180629
2020-04-07 23:59:59,2.71798532016,3.8220888055985713,7.428177752180629
2020-04-08 23:59:59,3.13904085894,3.8220888055985713,7.428177752180629
2020-04-09 23:59:59,3.32169362717,3.8220888055985713,7.428177752180629
2020-04-10 23:59:59,3.2170997132,3.8220888055985713,7.428177752180629
2020-04-11 23:59:59,3.28231322095,3.8220888055985713,7.428177752180629
2020-04-12 23:59:59,3.46261158558,3.8220888055985713,7.428177752180629
2020-04-13 23:59:59,3.36980461449,3.8220888055985713,7.428177752180629
2020-04-14 23:59:59,3.23689150998,3.8220888055985713,7.428177752180629
2020-04-15 23:59:59,3.12901549305,3.8220888055985713,7.428177752180629
2020-04-16 23:59:59,3.46864769095,3.8220888055985713,7.428177752180629
2020-04-17 23:59:59,3.47704575114,3.8220888055985713,7.428177752180629
2020-04-18 23:59:59,3.78345863063,3.8220888055985713,7.428177752180629
2020-04-19 23:59:59,3.63756829401,3.8220888055985713,7.428177752180629
2020-04-20 23:59:59,3.4583273921,3.8220888055985713,7.428177752180629
2020-04-21 23:59:59,3.47627879319,3.8220888055985713,7.428177752180629
2020-04-22 23:59:59,3.67881460748,3.8220888055985713,7.428177752180629
2020-04-23 23:59:59,3.72501038988,3.8220888055985713,7.428177752180629
2020-04-24 23:59:59,3.80479521733,3.8220888055985713,7.428177752180629
2020-04-25 23:59:59,3.80308827669,3.8220888055985713,7.428177752180629
2020-04-26 23:59:59,3.71677783666,3.8220888055985713,7.428177752180629
2020-04-27 23:59:59,3.64189852047,3.8220888055985713,7.428177752180629
2020-04-28 23:59:59,3.6753246262,3.8220888055985713,7.428177752180629
2020-04-29 23:59:59,3.90606858753,3.8220888055985713,7.428177752180629
2020-04-30 23:59:59,3.7204767341,3.8220888055985713,7.428177752180629
2020-05-01 23:59:59,3.78318449908,3.8220888055985713,7.428177752180629
2020-05-02 23:59:59,3.82218268577,3.8220888055985713,7.428177752180629
2020-05-03 23:59:59,3.72216936462,3.8220888055985713,7.428177752180629
2020-05-04 23:59:59,3.76790040829,3.8220888055985713,7.428177752180629
2020-05-05 23:59:59,3.68769292811,3.8220888055985713,7.428177752180629
2020-05-06 23:59:59,3.63645774876,3.8220888055985713,7.428177752180629
2020-05-07 23:59:59,3.75401776257,3.8220888055985713,7.428177752180629
2020-05-08 23:59:59,3.82210862952,3.8220888055985713,7.428177752180629
2020-05-09 23:59:59,4.04032064429,3.8220888055985713,7.428177752180629
2020-05-10 23:59:59,3.76132528792,3.8220888055985713,7.428177752180629
2020-05-11 23:59:59,3.58506515309,3.8220888055985713,7.428177752180629
2020-05-12 23:59:59,3.69237351086,3.8220888055985713,7.428177752180629
2020-05-13 23:59:59,3.76042427041,3.8220888055985713,7.428177752180629
2020-05-14 23:59:59,3.7993870471,3.8220888055985713,7.428177752180629
2020-05-15 23:59:59,3.67465312632,3.8220888055985713,7.428177752180629
2020-05-16 23:59:59,3.76009465713,3.8220888055985713,7.428177752180629
2020-05-17 23:59:59,3.78432946314,3.8220888055985713,7.428177752180629
2020-05-18 23:59:59,3.88534596734,3.8220888055985713,7.428177752180629
2020-05-19 23:59:59,3.92247644792,3.8220888055985713,7.428177752180629
2020-05-20 23:59:59,4.07104932039,3.8220888055985713,7.428177752180629
2020-05-21 23:59:59,3.84775124303,3.8220888055985713,7.428177752180629
2020-05-22 23:59:59,4.07028234287,3.8220888055985713,7.428177752180629
2020-05-23 23:59:59,3.95506070649,3.8220888055985713,7.428177752180629
2020-05-24 23:59:59,3.83632223383,3.8220888055985713,7.428177752180629
2020-05-25 23:59:59,3.8699333588,3.8220888055985713,7.428177752180629
2020-05-26 23:59:59,3.8362774238,3.8220888055985713,7.428177752180629
2020-05-27 23:59:59,3.85770281499,3.8220888055985713,7.428177752180629
2020-05-28 23:59:59,4.0253505601,3.8220888055985713,7.428177752180629
2020-05-29 23:59:59,3.9865942638,3.8220888055985713,7.428177752180629
2020-05-30 23:59:59,4.16844941654,3.8220888055985713,7.428177752180629
2020-05-31 23:59:59,4.12993788412,3.8220888055985713,7.428177752180629
2020-06-01 23:59:59,4.38064231768,3.8220888055985713,7.428177752180629
2020-06-02 23:59:59,4.38683382645,3.8220888055985713,7.428177752180629
2020-06-03 23:59:59,4.49072942955,3.8220888055985713,7.428177752180629
2020-06-04 23:59:59,4.4330196319,3.8220888055985713,7.428177752180629
2020-06-05 23:59:59,4.37743733626,3.8220888055985713,7.428177752180629
2020-06-06 23:59:59,4.34262345841,3.8220888055985713,7.428177752180629
2020-06-07 23:59:59,4.34993311613,3.8220888055985713,7.428177752180629
2020-06-08 23:59:59,4.45783045801,3.8220888055985713,7.428177752180629
2020-06-09 23:59:59,4.45014881023,3.8220888055985713,7.428177752180629
2020-06-10 23:59:59,4.42030134112,3.8220888055985713,7.428177752180629
2020-06-11 23:59:59,3.97121157817,3.8220888055985713,7.428177752180629
2020-06-12 23:59:59,4.09094190831,3.8220888055985713,7.428177752180629
2020-06-13 23:59:59,4.1146527263,3.8220888055985713,7.428177752180629
2020-06-14 23:59:59,3.9550131935,3.8220888055985713,7.428177752180629
2020-06-15 23:59:59,3.9339029521,3.8220888055985713,7.428177752180629
2020-06-16 23:59:59,4.04871403214,3.8220888055985713,7.428177752180629
2020-06-17 23:59:59,4.16366939942,3.8220888055985713,7.428177752180629
2020-06-18 23:59:59,4.16898037159,3.8220888055985713,7.428177752180629
2020-06-19 23:59:59,4.07996192595,3.8220888055985713,7.428177752180629
2020-06-20 23:59:59,4.17076968086,3.8220888055985713,7.428177752180629
2020-06-21 23:59:59,4.18914951589,3.8220888055985713,7.428177752180629
2020-06-22 23:59:59,4.46793424323,3.8220888055985713,7.428177752180629
2020-06-23 23:59:59,4.80625153055,3.8220888055985713,7.428177752180629
2020-06-24 23:59:59,4.71901690789,3.8220888055985713,7.428177752180629
2020-06-25 23:59:59,4.81420623271,3.8220888055985713,7.428177752180629
2020-06-26 23:59:59,4.68080532,3.8220888055985713,7.428177752180629
2020-06-27 23:59:59,4.42655159206,3.8220888055985713,7.428177752180629
2020-06-28 23:59:59,4.56348330297,3.8220888055985713,7.428177752180629
2020-06-29 23:59:59,4.61792961708,3.8220888055985713,7.428177752180629
2020-06-30 23:59:59,4.56918884534,3.8220888055985713,7.428177752180629
2020-07-01 23:59:59,4.6982559425,10.768166943557608,7.428177752180629
2020-07-02 23:59:59,4.84661758761,10.768166943557608,7.428177752180629
2020-07-03 23:59:59,4.74416675769,10.768166943557608,7.428177752180629
2020-07-04 23:59:59,4.80455774639,10.768166943557608,7.428177752180629
2020-07-05 23:59:59,4.74216975654,10.768166943557608,7.428177752180629
2020-07-06 23:59:59,5.36505324954,10.768166943557608,7.428177752180629
2020-07-07 23:59:59,5.71281669518,10.768166943557608,7.428177752180629
2020-07-08 23:59:59,6.4757248657,10.768166943557608,7.428177752180629
2020-07-09 23:59:59,6.10431067611,10.768166943557608,7.428177752180629
2020-07-10 23:59:59,6.13847501911,10.768166943557608,7.428177752180629
2020-07-11 23:59:59,6.11968689405,10.768166943557608,7.428177752180629
2020-07-12 23:59:59,7.30918343923,10.768166943557608,7.428177752180629
2020-07-13 23:59:59,7.18229113679,10.768166943557608,7.428177752180629
2020-07-14 23:59:59,8.10346502274,10.768166943557608,7.428177752180629
2020-07-15 23:59:59,8.64312278989,10.768166943557608,7.428177752180629
2020-07-16 23:59:59,8.3377062817,10.768166943557608,7.428177752180629
2020-07-17 23:59:59,8.28039298044,10.768166943557608,7.428177752180629
2020-07-18 23:59:59,7.95927977001,10.768166943557608,7.428177752180629
2020-07-19 23:59:59,8.065189986,10.768166943557608,7.428177752180629
2020-07-20 23:59:59,7.27298279968,10.768166943557608,7.428177752180629
2020-07-21 23:59:59,7.28157682076,10.768166943557608,7.428177752180629
2020-07-22 23:59:59,7.46697514345,10.768166943557608,7.428177752180629
2020-07-23 23:59:59,7.87447714784,10.768166943557608,7.428177752180629
2020-07-24 23:59:59,7.43215276779,10.768166943557608,7.428177752180629
2020-07-25 23:59:59,7.65782354111,10.768166943557608,7.428177752180629
2020-07-26 23:59:59,7.4990048432,10.768166943557608,7.428177752180629
2020-07-27 23:59:59,7.09558309808,10.768166943557608,7.428177752180629
2020-07-28 23:59:59,7.22346045015,10.768166943557608,7.428177752180629
2020-07-29 23:59:59,7.11608293845,10.768166943557608,7.428177752180629
2020-07-30 23:59:59,7.41699154541,10.768166943557608,7.428177752180629
2020-07-31 23:59:59,7.77291238489,10.768166943557608,7.428177752180629
2020-08-01 23:59:59,8.3044588505,10.768166943557608,7.428177752180629
2020-08-02 23:59:59,8.27177593728,10.768166943557608,7.428177752180629
2020-08-03 23:59:59,9.16475852572,10.768166943557608,7.428177752180629
2020-08-04 23:59:59,9.82183618764,10.768166943557608,7.428177752180629
2020-08-05 23:59:59,9.55877411802,10.768166943557608,7.428177752180629
2020-08-06 23:59:59,10.1402546056,10.768166943557608,7.428177752180629
2020-08-07 23:59:59,10.063364794,10.768166943557608,7.428177752180629
2020-08-08 23:59:59,12.6892072055,10.768166943557608,7.428177752180629
2020-08-09 23:59:59,13.8532052605,10.768166943557608,7.428177752180629
2020-08-10 23:59:59,13.4410354619,10.768166943557608,7.428177752180629
2020-08-11 23:59:59,13.1059904754,10.768166943557608,7.428177752180629
2020-08-12 23:59:59,16.6215428725,10.768166943557608,7.428177752180629
2020-08-13 23:59:59,17.3260023946,10.768166943557608,7.428177752180629
2020-08-14 23:59:59,16.926432434,10.768166943557608,7.428177752180629
2020-08-15 23:59:59,19.098750528,10.768166943557608,7.428177752180629
2020-08-16 23:59:59,18.8041854863,10.768166943557608,7.428177752180629
2020-08-17 23:59:59,16.7055448487,10.768166943557608,7.428177752180629
2020-08-18 23:59:59,16.2413745513,10.768166943557608,7.428177752180629
2020-08-19 23:59:59,16.2399841557,10.768166943557608,7.428177752180629
2020-08-20 23:59:59,16.0912974156,10.768166943557608,7.428177752180629
2020-08-21 23:59:59,13.8008557864,10.768166943557608,7.428177752180629
2020-08-22 23:59:59,15.9601919558,10.768166943557608,7.428177752180629
2020-08-23 23:59:59,15.174675668,10.768166943557608,7.428177752180629
2020-08-24 23:59:59,15.1833595909,10.768166943557608,7.428177752180629
2020-08-25 23:59:59,14.2168110265,10.768166943557608,7.428177752180629
2020-08-26 23:59:59,15.2517550201,10.768166943557608,7.428177752180629
2020-08-27 23:59:59,14.4977108347,10.768166943557608,7.428177752180629
2020-08-28 23:59:59,15.1560606004,10.768166943557608,7.428177752180629
2020-08-29 23:59:59,16.5670781114,10.768166943557608,7.428177752180629
2020-08-30 23:59:59,16.4729642261,10.768166943557608,7.428177752180629
2020-08-31 23:59:59,15.708487702,10.768166943557608,7.428177752180629
2020-09-01 23:59:59,16.1214924526,10.768166943557608,7.428177752180629
2020-09-02 23:59:59,14.8973969339,10.768166943557608,7.428177752180629
2020-09-03 23:59:59,12.0166777847,10.768166943557608,7.428177752180629
2020-09-04 23:59:59,12.4928663148,10.768166943557608,7.428177752180629
2020-09-05 23:59:59,10.6114718926,10.768166943557608,7.428177752180629
2020-09-06 23:59:59,12.9137294971,10.768166943557608,7.428177752180629
2020-09-07 23:59:59,12.4265771707,10.768166943557608,7.428177752180629
2020-09-08 23:59:59,11.7850317293,10.768166943557608,7.428177752180629
2020-09-09 23:59:59,12.3772927073,10.768166943557608,7.428177752180629
2020-09-10 23:59:59,12.5513130353,10.768166943557608,7.428177752180629
2020-09-11 23:59:59,12.5014965611,10.768166943557608,7.428177752180629
2020-09-12 23:59:59,12.7690311833,10.768166943557608,7.428177752180629
2020-09-13 23:59:59,11.9935461546,10.768166943557608,7.428177752180629
2020-09-14 23:59:59,12.1195792573,10.768166943557608,7.428177752180629
2020-09-15 23:59:59,10.9781541323,10.768166943557608,7.428177752180629
2020-09-16 23:59:59,10.7618159826,10.768166943557608,7.428177752180629
2020-09-17 23:59:59,10.9888802208,10.768166943557608,7.428177752180629
2020-09-18 23:59:59,10.0816420714,10.768166943557608,7.428177752180629
2020-09-19 23:59:59,10.1472772607,10.768166943557608,7.428177752180629
2020-09-20 23:59:59,9.76812244771,10.768166943557608,7.428177752180629
2020-09-21 23:59:59,8.75994075878,10.768166943557608,7.428177752180629
2020-09-22 23:59:59,8.76418462932,10.768166943557608,7.428177752180629
2020-09-23 23:59:59,7.70225876,10.768166943557608,7.428177752180629
2020-09-24 23:59:59,9.81747666,10.768166943557608,7.428177752180629
2020-09-25 23:59:59,10.71136401,10.768166943557608,7.428177752180629
2020-09-26 23:59:59,10.34165887,10.768166943557608,7.428177752180629
2020-09-27 23:59:59,10.76907975,10.768166943557608,7.428177752180629
2020-09-28 23:59:59,10.33355808,10.768166943557608,7.428177752180629
2020-09-29 23:59:59,10.11501551,10.768166943557608,7.428177752180629
2020-09-30 23:59:59,9.85121028,10.768166943557608,7.428177752180629
2020-10-01 23:59:59,9.64990503,12.03968145271739,7.428177752180629
2020-10-02 23:59:59,9.22470497,12.03968145271739,7.428177752180629
2020-10-03 23:59:59,9.30449326,12.03968145271739,7.428177752180629
2020-10-04 23:59:59,9.40490992,12.03968145271739,7.428177752180629
2020-10-05 23:59:59,9.62370265,12.03968145271739,7.428177752180629
2020-10-06 23:59:59,8.77927161,12.03968145271739,7.428177752180629
2020-10-07 23:59:59,8.95785031,12.03968145271739,7.428177752180629
2020-10-08 23:59:59,9.50881817,12.03968145271739,7.428177752180629
2020-10-09 23:59:59,10.34690225,12.03968145271739,7.428177752180629
2020-10-10 23:59:59,10.52479304,12.03968145271739,7.428177752180629
2020-10-11 23:59:59,10.84740673,12.03968145271739,7.428177752180629
2020-10-12 23:59:59,11.45290886,12.03968145271739,7.428177752180629
2020-10-13 23:59:59,10.9954478,12.03968145271739,7.428177752180629
2020-10-14 23:59:59,10.94910891,12.03968145271739,7.428177752180629
2020-10-15 23:59:59,10.73775216,12.03968145271739,7.428177752180629
2020-10-16 23:59:59,10.61954995,12.03968145271739,7.428177752180629
2020-10-17 23:59:59,10.6525236,12.03968145271739,7.428177752180629
2020-10-18 23:59:59,10.88071251,12.03968145271739,7.428177752180629
2020-10-19 23:59:59,10.88628304,12.03968145271739,7.428177752180629
2020-10-20 23:59:59,9.87859282,12.03968145271739,7.428177752180629
2020-10-21 23:59:59,10.80460729,12.03968145271739,7.428177752180629
2020-10-22 23:59:59,11.93933492,12.03968145271739,7.428177752180629
2020-10-23 23:59:59,12.16379485,12.03968145271739,7.428177752180629
2020-10-24 23:59:59,12.73154846,12.03968145271739,7.428177752180629
2020-10-25 23:59:59,12.16005893,12.03968145271739,7.428177752180629
2020-10-26 23:59:59,11.74790244,12.03968145271739,7.428177752180629
2020-10-27 23:59:59,11.97383673,12.03968145271739,7.428177752180629
2020-10-28 23:59:59,11.4617424,12.03968145271739,7.428177752180629
2020-10-29 23:59:59,11.26514099,12.03968145271739,7.428177752180629
2020-10-30 23:59:59,11.09855655,12.03968145271739,7.428177752180629
2020-10-31 23:59:59,11.22083857,12.03968145271739,7.428177752180629
2020-11-01 23:59:59,11.53662956,12.03968145271739,7.428177752180629
2020-11-02 23:59:59,10.7975786,12.03968145271739,7.428177752180629
2020-11-03 23:59:59,10.3870017,12.03968145271739,7.428177752180629
2020-11-04 23:59:59,10.47258743,12.03968145271739,7.428177752180629
2020-11-05 23:59:59,10.990669,12.03968145271739,7.428177752180629
2020-11-06 23:59:59,12.11807205,12.03968145271739,7.428177752180629
2020-11-07 23:59:59,11.75722417,12.03968145271739,7.428177752180629
2020-11-08 23:59:59,12.6560345,12.03968145271739,7.428177752180629
2020-11-09 23:59:59,12.52073547,12.03968145271739,7.428177752180629
2020-11-10 23:59:59,13.00346297,12.03968145271739,7.428177752180629
2020-11-11 23:59:59,12.80753845,12.03968145271739,7.428177752180629
2020-11-12 23:59:59,12.42322296,12.03968145271739,7.428177752180629
2020-11-13 23:59:59,12.8879783,12.03968145271739,7.428177752180629
2020-11-14 23:59:59,12.57696003,12.03968145271739,7.428177752180629
2020-11-15 23:59:59,12.1218131,12.03968145271739,7.428177752180629
2020-11-16 23:59:59,12.59079045,12.03968145271739,7.428177752180629
2020-11-17 23:59:59,13.2447115,12.03968145271739,7.428177752180629
2020-11-18 23:59:59,13.59299642,12.03968145271739,7.428177752180629
2020-11-19 23:59:59,13.62188196,12.03968145271739,7.428177752180629
2020-11-20 23:59:59,14.07827326,12.03968145271739,7.428177752180629
2020-11-21 23:59:59,15.355934,12.03968145271739,7.428177752180629
2020-11-22 23:59:59,14.44480124,12.03968145271739,7.428177752180629
2020-11-23 23:59:59,15.27084388,12.03968145271739,7.428177752180629
2020-11-24 23:59:59,15.62066489,12.03968145271739,7.428177752180629
2020-11-25 23:59:59,14.26096459,12.03968145271739,7.428177752180629
2020-11-26 23:59:59,12.57536258,12.03968145271739,7.428177752180629
2020-11-27 23:59:59,12.49025874,12.03968145271739,7.428177752180629
2020-11-28 23:59:59,13.07834626,12.03968145271739,7.428177752180629
2020-11-29 23:59:59,13.37291837,12.03968145271739,7.428177752180629
2020-11-30 23:59:59,14.2256385,12.03968145271739,7.428177752180629
2020-12-01 23:59:59,13.38953504,12.03968145271739,7.428177752180629
2020-12-02 23:59:59,13.98736604,12.03968145271739,7.428177752180629
2020-12-03 23:59:59,13.97472094,12.03968145271739,7.428177752180629
2020-12-04 23:59:59,12.74124547,12.03968145271739,7.428177752180629
2020-12-05 23:59:59,13.17303755,12.03968145271739,7.428177752180629
2020-12-06 23:59:59,13.49239685,12.03968145271739,7.428177752180629
2020-12-07 23:59:59,13.08094922,12.03968145271739,7.428177752180629
2020-12-08 23:59:59,12.14571383,12.03968145271739,7.428177752180629
2020-12-09 23:59:59,12.63338955,12.03968145271739,7.428177752180629
2020-12-10 23:59:59,11.92219945,12.03968145271739,7.428177752180629
2020-12-11 23:59:59,11.66010599,12.03968145271739,7.428177752180629
2020-12-12 23:59:59,12.20915682,12.03968145271739,7.428177752180629
2020-12-13 23:59:59,12.93370322,12.03968145271739,7.428177752180629
2020-12-14 23:59:59,12.8275533,12.03968145271739,7.428177752180629
2020-12-15 23:59:59,12.70547128,12.03968145271739,7.428177752180629
2020-12-16 23:59:59,13.45108729,12.03968145271739,7.428177752180629
2020-12-17 23:59:59,13.46713281,12.03968145271739,7.428177752180629
2020-12-18 23:59:59,13.51119276,12.03968145271739,7.428177752180629
2020-12-19 23:59:59,13.4921871,12.03968145271739,7.428177752180629
2020-12-20 23:59:59,13.07007395,12.03968145271739,7.428177752180629
2020-12-21 23:59:59,12.34199503,12.03968145271739,7.428177752180629
2020-12-22 23:59:59,12.79393324,12.03968145271739,7.428177752180629
2020-12-23 23:59:59,10.8313119,12.03968145271739,7.428177752180629
2020-12-24 23:59:59,11.57545407,12.03968145271739,7.428177752180629
2020-12-25 23:59:59,11.54668492,12.03968145271739,7.428177752180629
2020-12-26 23:59:59,10.96487443,12.03968145271739,7.428177752180629
2020-12-27 23:59:59,12.12970835,12.03968145271739,7.428177752180629
2020-12-28 23:59:59,12.62838055,12.03968145271739,7.428177752180629
2020-12-29 23:59:59,11.77112461,12.03968145271739,7.428177752180629
2020-12-30 23:59:59,11.25357548,12.03968145271739,7.428177752180629
2020-12-31 23:59:59,11.27053796,12.03968145271739,7.428177752180629
2021-01-01 23:59:59,11.8725549,25.21906595533333,28.22965250550802
2021-01-02 23:59:59,12.22013745,25.21906595533333,28.22965250550802
2021-01-03 23:59:59,13.65017231,25.21906595533333,28.22965250550802
2021-01-04 23:59:59,13.57106329,25.21906595533333,28.22965250550802
2021-01-05 23:59:59,14.53986805,25.21906595533333,28.22965250550802
2021-01-06 23:59:59,17.15525669,25.21906595533333,28.22965250550802
2021-01-07 23:59:59,16.03196788,25.21906595533333,28.22965250550802
2021-01-08 23:59:59,15.28808542,25.21906595533333,28.22965250550802
2021-01-09 23:59:59,17.60751275,25.21906595533333,28.22965250550802
2021-01-10 23:59:59,16.24742979,25.21906595533333,28.22965250550802
2021-01-11 23:59:59,14.55693277,25.21906595533333,28.22965250550802
2021-01-12 23:59:59,13.91584923,25.21906595533333,28.22965250550802
2021-01-13 23:59:59,15.93009144,25.21906595533333,28.22965250550802
2021-01-14 23:59:59,17.82625099,25.21906595533333,28.22965250550802
2021-01-15 23:59:59,20.70972583,25.21906595533333,28.22965250550802
2021-01-16 23:59:59,20.2183972,25.21906595533333,28.22965250550802
2021-01-17 23:59:59,23.16677294,25.21906595533333,28.22965250550802
2021-01-18 23:59:59,22.03626244,25.21906595533333,28.22965250550802
2021-01-19 23:59:59,20.75409274,25.21906595533333,28.22965250550802
2021-01-20 23:59:59,21.8467765,25.21906595533333,28.22965250550802
2021-01-21 23:59:59,18.42427239,25.21906595533333,28.22965250550802
2021-01-22 23:59:59,21.62949808,25.21906595533333,28.22965250550802
2021-01-23 23:59:59,24.76153091,25.21906595533333,28.22965250550802
2021-01-24 23:59:59,24.70185901,25.21906595533333,28.22965250550802
2021-01-25 23:59:59,23.54012179,25.21906595533333,28.22965250550802
2021-01-26 23:59:59,23.02586341,25.21906595533333,28.22965250550802
2021-01-27 23:59:59,21.07044661,25.21906595533333,28.22965250550802
2021-01-28 23:59:59,23.11090311,25.21906595533333,28.22965250550802
2021-01-29 23:59:59,22.77344356,25.21906595533333,28.22965250550802
2021-01-30 23:59:59,23.59402774,25.21906595533333,28.22965250550802
2021-01-31 23:59:59,22.59843448,25.21906595533333,28.22965250550802
2021-02-01 23:59:59,22.83964054,25.21906595533333,28.22965250550802
2021-02-02 23:59:59,23.71361319,25.21906595533333,28.22965250550802
2021-02-03 23:59:59,25.0730351,25.21906595533333,28.22965250550802
2021-02-04 23:59:59,24.49896345,25.21906595533333,28.22965250550802
2021-02-05 23:59:59,26.36332586,25.21906595533333,28.22965250550802
2021-02-06 23:59:59,25.04933001,25.21906595533333,28.22965250550802
2021-02-07 23:59:59,24.79012233,25.21906595533333,28.22965250550802
2021-02-08 23:59:59,25.45610344,25.21906595533333,28.22965250550802
2021-02-09 23:59:59,27.594215,25.21906595533333,28.22965250550802
2021-02-10 23:59:59,26.85959591,25.21906595533333,28.22965250550802
2021-02-11 23:59:59,27.87423942,25.21906595533333,28.22965250550802
2021-02-12 23:59:59,30.64073881,25.21906595533333,28.22965250550802
2021-02-13 23:59:59,34.10197805,25.21906595533333,28.22965250550802
2021-02-14 23:59:59,33.29032208,25.21906595533333,28.22965250550802
2021-02-15 23:59:59,32.57589946,25.21906595533333,28.22965250550802
2021-02-16 23:59:59,31.97348107,25.21906595533333,28.22965250550802
2021-02-17 23:59:59,32.25679765,25.21906595533333,28.22965250550802
2021-02-18 23:59:59,32.44149357,25.21906595533333,28.22965250550802
2021-02-19 23:59:59,34.71521025,25.21906595533333,28.22965250550802
2021-02-20 23:59:59,34.10981666,25.21906595533333,28.22965250550802
2021-02-21 23:59:59,34.15274205,25.21906595533333,28.22965250550802
2021-02-22 23:59:59,31.53080638,25.21906595533333,28.22965250550802
2021-02-23 23:59:59,25.80034345,25.21906595533333,28.22965250550802
2021-02-24 23:59:59,28.08671865,25.21906595533333,28.22965250550802
2021-02-25 23:59:59,24.66804707,25.21906595533333,28.22965250550802
2021-02-26 23:59:59,25.18731328,25.21906595533333,28.22965250550802
2021-02-27 23:59:59,26.23509742,25.21906595533333,28.22965250550802
2021-02-28 23:59:59,24.66353274,25.21906595533333,28.22965250550802
2021-03-01 23:59:59,27.6070607,25.21906595533333,28.22965250550802
2021-03-02 23:59:59,28.51118315,25.21906595533333,28.22965250550802
2021-03-03 23:59:59,29.99002853,25.21906595533333,28.22965250550802
2021-03-04 23:59:59,27.71873862,25.21906595533333,28.22965250550802
2021-03-05 23:59:59,27.87541314,25.21906595533333,28.22965250550802
2021-03-06 23:59:59,28.16510315,25.21906595533333,28.22965250550802
2021-03-07 23:59:59,28.5482119,25.21906595533333,28.22965250550802
2021-03-08 23:59:59,31.69816108,25.21906595533333,28.22965250550802
2021-03-09 23:59:59,31.499252,25.21906595533333,28.22965250550802
2021-03-10 23:59:59,29.94671586,25.21906595533333,28.22965250550802
2021-03-11 23:59:59,30.07517495,25.21906595533333,28.22965250550802
2021-03-12 23:59:59,28.46152299,25.21906595533333,28.22965250550802
2021-03-13 23:59:59,29.77922646,25.21906595533333,28.22965250550802
2021-03-14 23:59:59,28.78942475,25.21906595533333,28.22965250550802
2021-03-15 23:59:59,27.49176174,25.21906595533333,28.22965250550802
2021-03-16 23:59:59,27.91741934,25.21906595533333,28.22965250550802
2021-03-17 23:59:59,31.00975917,25.21906595533333,28.22965250550802
2021-03-18 23:59:59,29.50481317,25.21906595533333,28.22965250550802
2021-03-19 23:59:59,29.90987497,25.21906595533333,28.22965250550802
2021-03-20 23:59:59,29.67692495,25.21906595533333,28.22965250550802
2021-03-21 23:59:59,29.27283825,25.21906595533333,28.22965250550802
2021-03-22 23:59:59,27.39811379,25.21906595533333,28.22965250550802
2021-03-23 23:59:59,26.91505802,25.21906595533333,28.22965250550802
2021-03-24 23:59:59,25.05388547,25.21906595533333,28.22965250550802
2021-03-25 23:59:59,25.69628691,25.21906595533333,28.22965250550802
2021-03-26 23:59:59,27.4015666,25.21906595533333,28.22965250550802
2021-03-27 23:59:59,26.87954403,25.21906595533333,28.22965250550802
2021-03-28 23:59:59,26.69699411,25.21906595533333,28.22965250550802
2021-03-29 23:59:59,28.05256859,25.21906595533333,28.22965250550802
2021-03-30 23:59:59,27.90404849,25.21906595533333,28.22965250550802
2021-03-31 23:59:59,29.35113651,25.21906595533333,28.22965250550802
2021-04-01 23:59:59,30.23322029,31.82877492153846,28.22965250550802
2021-04-02 23:59:59,32.53325019,31.82877492153846,28.22965250550802
2021-04-03 23:59:59,29.53488876,31.82877492153846,28.22965250550802
2021-04-04 23:59:59,30.95728118,31.82877492153846,28.22965250550802
2021-04-05 23:59:59,32.396655,31.82877492153846,28.22965250550802
2021-04-06 23:59:59,34.79787992,31.82877492153846,28.22965250550802
2021-04-07 23:59:59,31.17518381,31.82877492153846,28.22965250550802
2021-04-08 23:59:59,32.74489781,31.82877492153846,28.22965250550802
2021-04-09 23:59:59,31.63246748,31.82877492153846,28.22965250550802
2021-04-10 23:59:59,31.89926129,31.82877492153846,28.22965250550802
2021-04-11 23:59:59,33.91918249,31.82877492153846,28.22965250550802
2021-04-12 23:59:59,33.10542637,31.82877492153846,28.22965250550802
2021-04-13 23:59:59,35.45663544,31.82877492153846,28.22965250550802
2021-04-14 23:59:59,41.42370789,31.82877492153846,28.22965250550802
2021-04-15 23:59:59,42.75316098,31.82877492153846,28.22965250550802
2021-04-16 23:59:59,42.10155257,31.82877492153846,28.22965250550802
2021-04-17 23:59:59,40.37206552,31.82877492153846,28.22965250550802
2021-04-18 23:59:59,39.06591248,31.82877492153846,28.22965250550802
2021-04-19 23:59:59,35.87938291,31.82877492153846,28.22965250550802
2021-04-20 23:59:59,38.95063527,31.82877492153846,28.22965250550802
2021-04-21 23:59:59,36.43635796,31.82877492153846,28.22965250550802
2021-04-22 23:59:59,35.23340693,31.82877492153846,28.22965250550802
2021-04-23 23:59:59,35.0584784,31.82877492153846,28.22965250550802
2021-04-24 23:59:59,31.12519769,31.82877492153846,28.22965250550802
2021-04-25 23:59:59,31.54062138,31.82877492153846,28.22965250550802
2021-04-26 23:59:59,35.13598467,31.82877492153846,28.22965250550802
2021-04-27 23:59:59,36.80806926,31.82877492153846,28.22965250550802
2021-04-28 23:59:59,36.22083668,31.82877492153846,28.22965250550802
2021-04-29 23:59:59,36.44501912,31.82877492153846,28.22965250550802
2021-04-30 23:59:59,38.12850618,31.82877492153846,28.22965250550802
2021-05-01 23:59:59,41.11626023,31.82877492153846,28.22965250550802
2021-05-02 23:59:59,39.50485664,31.82877492153846,28.22965250550802
2021-05-03 23:59:59,42.05980711,31.82877492153846,28.22965250550802
2021-05-04 23:59:59,45.68613929,31.82877492153846,28.22965250550802
2021-05-05 23:59:59,49.42929628,31.82877492153846,28.22965250550802
2021-05-06 23:59:59,47.1274018,31.82877492153846,28.22965250550802
2021-05-07 23:59:59,49.31119929,31.82877492153846,28.22965250550802
2021-05-08 23:59:59,48.60890475,31.82877492153846,28.22965250550802
2021-05-09 23:59:59,52.19869656,31.82877492153846,28.22965250550802
2021-05-10 23:59:59,46.46869475,31.82877492153846,28.22965250550802
2021-05-11 23:59:59,48.75476338,31.82877492153846,28.22965250550802
2021-05-12 23:59:59,41.03371024,31.82877492153846,28.22965250550802
2021-05-13 23:59:59,43.0898316,31.82877492153846,28.22965250550802
2021-05-14 23:59:59,46.54690337,31.82877492153846,28.22965250550802
2021-05-15 23:59:59,41.49831171,31.82877492153846,28.22965250550802
2021-05-16 23:59:59,40.73714996,31.82877492153846,28.22965250550802
2021-05-17 23:59:59,37.1944393,31.82877492153846,28.22965250550802
2021-05-18 23:59:59,42.54531612,31.82877492153846,28.22965250550802
2021-05-19 23:59:59,26.70195995,31.82877492153846,28.22965250550802
2021-05-20 23:59:59,30.78122907,31.82877492153846,28.22965250550802
2021-05-21 23:59:59,25.57757684,31.82877492153846,28.22965250550802
2021-05-22 23:59:59,23.29215752,31.82877492153846,28.22965250550802
2021-05-23 23:59:59,20.0083736,31.82877492153846,28.22965250550802
2021-05-24 23:59:59,26.36295868,31.82877492153846,28.22965250550802
2021-05-25 23:59:59,27.62983793,31.82877492153846,28.22965250550802
2021-05-26 23:59:59,33.98487499,31.82877492153846,28.22965250550802
2021-05-27 23:59:59,31.51471335,31.82877492153846,28.22965250550802
2021-05-28 23:59:59,27.95169276,31.82877492153846,28.22965250550802
2021-05-29 23:59:59,25.39863991,31.82877492153846,28.22965250550802
2021-05-30 23:59:59,26.86960307,31.82877492153846,28.22965250550802
2021-05-31 23:59:59,32.08858561,31.82877492153846,28.22965250550802
2021-06-01 23:59:59,30.69901269,31.82877492153846,28.22965250550802
2021-06-02 23:59:59,30.65630176,31.82877492153846,28.22965250550802
2021-06-03 23:59:59,32.19055828,31.82877492153846,28.22965250550802
2021-06-04 23:59:59,28.87575325,31.82877492153846,28.22965250550802
2021-06-05 23:59:59,27.12679708,31.82877492153846,28.22965250550802
2021-06-06 23:59:59,27.55157687,31.82877492153846,28.22965250550802
2021-06-07 23:59:59,24.52720963,31.82877492153846,28.22965250550802
2021-06-08 23:59:59,24.17489797,31.82877492153846,28.22965250550802
2021-06-09 23:59:59,25.56934195,31.82877492153846,28.22965250550802
2021-06-10 23:59:59,23.1006791,31.82877492153846,28.22965250550802
2021-06-11 23:59:59,21.47896799,31.82877492153846,28.22965250550802
2021-06-12 23:59:59,21.68654584,31.82877492153846,28.22965250550802
2021-06-13 23:59:59,23.33760127,31.82877492153846,28.22965250550802
2021-06-14 23:59:59,23.86089948,31.82877492153846,28.22965250550802
2021-06-15 23:59:59,26.08422722,31.82877492153846,28.22965250550802
2021-06-16 23:59:59,23.01507766,31.82877492153846,28.22965250550802
2021-06-17 23:59:59,23.35679139,31.82877492153846,28.22965250550802
2021-06-18 23:59:59,21.21115148,31.82877492153846,28.22965250550802
2021-06-19 23:59:59,20.42398275,31.82877492153846,28.22965250550802
2021-06-20 23:59:59,21.73541643,31.82877492153846,28.22965250550802
2021-06-21 23:59:59,17.42409727,31.82877492153846,28.22965250550802
2021-06-22 23:59:59,16.8064919,31.82877492153846,28.22965250550802
2021-06-23 23:59:59,18.38720423,31.82877492153846,28.22965250550802
2021-06-24 23:59:59,19.03735827,31.82877492153846,28.22965250550802
2021-06-25 23:59:59,16.93096725,31.82877492153846,28.22965250550802
2021-06-26 23:59:59,16.95522134,31.82877492153846,28.22965250550802
2021-06-27 23:59:59,18.3441403,31.82877492153846,28.22965250550802
2021-06-28 23:59:59,18.77398814,31.82877492153846,28.22965250550802
2021-06-29 23:59:59,19.46001092,31.82877492153846,28.22965250550802
2021-06-30 23:59:59,19.49723657,31.82877492153846,28.22965250550802
2021-07-01 23:59:59,18.27329273,18.80176078166667,28.22965250550802
2021-07-02 23:59:59,18.2835607,18.80176078166667,28.22965250550802
2021-07-03 23:59:59,18.53881808,18.80176078166667,28.22965250550802
2021-07-04 23:59:59,19.26283751,18.80176078166667,28.22965250550802
2021-07-05 23:59:59,18.37158918,18.80176078166667,28.22965250550802
2021-07-06 23:59:59,20.08046649,18.80176078166667,28.22965250550802
